workflow,input_id,control_type,label,semantic_role,detailed_explanation,check_before_running,common_mistake,output_connection,reviewer_note
Application,parameter_dictionary_download,downloadButton,Download parameter dictionary CSV,input data / auxiliary file,Download parameter dictionary CSV is an auxiliary input for Application. It must use the same site/species identifiers as the primary response and predictor files.,"Check dimensions, IDs, missing values, factor/numeric coercion and whether rows/columns match the response data before fitting.","Common mistake: uploading a table with an accidental ID column, mismatched row order or all-character numeric columns.",Copied to inputs/ and data/; summarized in diagnostics/data_check_messages.csv and standard/output_manifest.csv.,"Application: record the setting when it affects fitting, output or interpretation."
Compare Models,compare_boral_dir,textInput,boral output folder path,diagnostics / prediction / output selection,"boral output folder path decides which fit, prediction, diagnostic or plotting artifacts are written. These outputs support review only when status files and standard tables are also present.","Check that the requested outputs are compatible with fitted status, response scale and available package functions.",Common mistake: comparing metrics produced on different response scales or validation folds.,"Controls diagnostics/, plots/, predictions/, results/, report/ and standard/*.csv artifacts.","Comparison-specific: compare only fitted, scale-compatible outputs; failed runs are diagnostic artifacts."
Compare Models,compare_download,downloadButton,Download comparison CSV,input data / auxiliary file,Download comparison CSV is an auxiliary input for Compare Models. It must use the same site/species identifiers as the primary response and predictor files.,"Check dimensions, IDs, missing values, factor/numeric coercion and whether rows/columns match the response data before fitting.","Common mistake: uploading a table with an accidental ID column, mismatched row order or all-character numeric columns.",Copied to inputs/ and data/; summarized in diagnostics/data_check_messages.csv and standard/output_manifest.csv.,"Comparison-specific: compare only fitted, scale-compatible outputs; failed runs are diagnostic artifacts."
Compare Models,compare_engines,checkboxGroupInput,Engines to compare,general workflow setting,Engines to compare modifies Compare Models workflow behaviour. Record it because GUI choices should be recoverable from used_config.yml and reproducible scripts.,Check that this setting is recorded in used_config.yml and that its meaning is documented in the report.,Common mistake: changing this setting without preserving it in the reproducible configuration.,Recorded in configuration and shown in reports when relevant.,"Comparison-specific: compare only fitted, scale-compatible outputs; failed runs are diagnostic artifacts."
Compare Models,compare_gjam_dir,textInput,GJAM output folder path,diagnostics / prediction / output selection,"GJAM output folder path decides which fit, prediction, diagnostic or plotting artifacts are written. These outputs support review only when status files and standard tables are also present.","Check that the requested outputs are compatible with fitted status, response scale and available package functions.",Common mistake: comparing metrics produced on different response scales or validation folds.,"Controls diagnostics/, plots/, predictions/, results/, report/ and standard/*.csv artifacts.","Comparison-specific: compare only fitted, scale-compatible outputs; failed runs are diagnostic artifacts."
Compare Models,compare_hmsc_dir,textInput,Hmsc output folder path,diagnostics / prediction / output selection,"Hmsc output folder path decides which fit, prediction, diagnostic or plotting artifacts are written. These outputs support review only when status files and standard tables are also present.","Check that the requested outputs are compatible with fitted status, response scale and available package functions.",Common mistake: comparing metrics produced on different response scales or validation folds.,"Controls diagnostics/, plots/, predictions/, results/, report/ and standard/*.csv artifacts.","Comparison-specific: compare only fitted, scale-compatible outputs; failed runs are diagnostic artifacts."
Compare Models,compare_hmschpc_dir,textInput,Hmsc-HPC output folder path,diagnostics / prediction / output selection,"Hmsc-HPC output folder path decides which fit, prediction, diagnostic or plotting artifacts are written. These outputs support review only when status files and standard tables are also present.","Check that the requested outputs are compatible with fitted status, response scale and available package functions.",Common mistake: comparing metrics produced on different response scales or validation folds.,"Controls diagnostics/, plots/, predictions/, results/, report/ and standard/*.csv artifacts.","Comparison-specific: compare only fitted, scale-compatible outputs; failed runs are diagnostic artifacts."
Compare Models,compare_jsdm_dir,textInput,jSDM output folder path,diagnostics / prediction / output selection,"jSDM output folder path decides which fit, prediction, diagnostic or plotting artifacts are written. These outputs support review only when status files and standard tables are also present.","Check that the requested outputs are compatible with fitted status, response scale and available package functions.",Common mistake: comparing metrics produced on different response scales or validation folds.,"Controls diagnostics/, plots/, predictions/, results/, report/ and standard/*.csv artifacts.","Comparison-specific: compare only fitted, scale-compatible outputs; failed runs are diagnostic artifacts."
Compare Models,compare_run,actionButton,Create comparison summary,workflow action / reproducibility output,"Create comparison summary triggers checking, fitting, comparison or export. It should leave a clear status, diagnostics and real downloadable files rather than silent or empty placeholders.","Check that the action writes engine_status.json, standard tables, reports, scripts and a non-empty ZIP when applicable.","Common mistake: accepting Completed, empty ZIP or missing diagnostics as a successful run.","Controls workflow status, output folder creation, downloadable ZIPs and reports.","Comparison-specific: compare only fitted, scale-compatible outputs; failed runs are diagnostic artifacts."
Compare Models,compare_sjsdm_dir,textInput,sjSDM output folder path,diagnostics / prediction / output selection,"sjSDM output folder path decides which fit, prediction, diagnostic or plotting artifacts are written. These outputs support review only when status files and standard tables are also present.","Check that the requested outputs are compatible with fitted status, response scale and available package functions.",Common mistake: comparing metrics produced on different response scales or validation folds.,"Controls diagnostics/, plots/, predictions/, results/, report/ and standard/*.csv artifacts.","Comparison-specific: compare only fitted, scale-compatible outputs; failed runs are diagnostic artifacts."
Compare Models,compare_spocc_dir,textInput,spOccupancy output folder path,diagnostics / prediction / output selection,"spOccupancy output folder path decides which fit, prediction, diagnostic or plotting artifacts are written. These outputs support review only when status files and standard tables are also present.","Check that the requested outputs are compatible with fitted status, response scale and available package functions.",Common mistake: comparing metrics produced on different response scales or validation folds.,"Controls diagnostics/, plots/, predictions/, results/, report/ and standard/*.csv artifacts.","Comparison-specific: compare only fitted, scale-compatible outputs; failed runs are diagnostic artifacts."
GJAM,gjam_CCgroups,textAreaInput,CCgroups,general workflow setting,CCgroups modifies GJAM workflow behaviour. Record it because GUI choices should be recoverable from used_config.yml and reproducible scripts.,Check that this setting is recorded in used_config.yml and that its meaning is documented in the report.,Common mistake: changing this setting without preserving it in the reproducible configuration.,Recorded in configuration and shown in reports when relevant.,"GJAM: record the setting when it affects fitting, output or interpretation."
GJAM,gjam_FCgroups,textAreaInput,FCgroups,general workflow setting,FCgroups modifies GJAM workflow behaviour. Record it because GUI choices should be recoverable from used_config.yml and reproducible scripts.,Check that this setting is recorded in used_config.yml and that its meaning is documented in the report.,Common mistake: changing this setting without preserving it in the reproducible configuration.,Recorded in configuration and shown in reports when relevant.,"GJAM: record the setting when it affects fitting, output or interpretation."
GJAM,gjam_FULL,checkboxInput,FULL,general workflow setting,FULL modifies GJAM workflow behaviour. Record it because GUI choices should be recoverable from used_config.yml and reproducible scripts.,Check that this setting is recorded in used_config.yml and that its meaning is documented in the report.,Common mistake: changing this setting without preserving it in the reproducible configuration.,Recorded in configuration and shown in reports when relevant.,"GJAM: record the setting when it affects fitting, output or interpretation."
GJAM,gjam_PREDICTX,checkboxInput,PREDICTX,general workflow setting,PREDICTX modifies GJAM workflow behaviour. Record it because GUI choices should be recoverable from used_config.yml and reproducible scripts.,Check that this setting is recorded in used_config.yml and that its meaning is documented in the report.,Common mistake: changing this setting without preserving it in the reproducible configuration.,Recorded in configuration and shown in reports when relevant.,"GJAM: record the setting when it affects fitting, output or interpretation."
GJAM,gjam_REDUCT,checkboxInput,REDUCT,general workflow setting,REDUCT modifies GJAM workflow behaviour. Record it because GUI choices should be recoverable from used_config.yml and reproducible scripts.,Check that this setting is recorded in used_config.yml and that its meaning is documented in the report.,Common mistake: changing this setting without preserving it in the reproducible configuration.,Recorded in configuration and shown in reports when relevant.,"GJAM: record the setting when it affects fitting, output or interpretation."
GJAM,gjam_USE_CENSOR,checkboxInput,Use censor list,general workflow setting,Use censor list modifies GJAM workflow behaviour. Record it because GUI choices should be recoverable from used_config.yml and reproducible scripts.,Check that this setting is recorded in used_config.yml and that its meaning is documented in the report.,Common mistake: changing this setting without preserving it in the reproducible configuration.,Recorded in configuration and shown in reports when relevant.,"GJAM: record the setting when it affects fitting, output or interpretation."
GJAM,gjam_USE_EFFORT,checkboxInput,Use effort,general workflow setting,Use effort modifies GJAM workflow behaviour. Record it because GUI choices should be recoverable from used_config.yml and reproducible scripts.,Check that this setting is recorded in used_config.yml and that its meaning is documented in the report.,Common mistake: changing this setting without preserving it in the reproducible configuration.,Recorded in configuration and shown in reports when relevant.,"GJAM: record the setting when it affects fitting, output or interpretation."
GJAM,gjam_X_file,fileInput,XData.csv  - GJAM predictors / xdata,input data / environmental predictors,"XData.csv  - GJAM predictors / xdata supplies site-level covariates. Rows must align with the response data, numeric-looking columns should be numeric, and intended categorical predictors should be handled as factors.","Check dimensions, IDs, missing values, factor/numeric coercion and whether rows/columns match the response data before fitting.","Common mistake: uploading a table with an accidental ID column, mismatched row order or all-character numeric columns.",Copied to inputs/ and data/; summarized in diagnostics/data_check_messages.csv and standard/output_manifest.csv.,"GJAM: record the setting when it affects fitting, output or interpretation."
GJAM,gjam_Y_file,fileInput,Y.csv  - GJAM response matrix / ydata,input data / response matrix,Y.csv  - GJAM response matrix / ydata defines the observed ecological response for GJAM. Rows should be sampling units and columns should be species/responses unless the workflow explicitly uses long or detection-array input.,"Check dimensions, IDs, missing values, factor/numeric coercion and whether rows/columns match the response data before fitting.","Common mistake: uploading a table with an accidental ID column, mismatched row order or all-character numeric columns.",Copied to inputs/ and data/; summarized in diagnostics/data_check_messages.csv and standard/output_manifest.csv.,"GJAM: record the setting when it affects fitting, output or interpretation."
GJAM,gjam_burnin,synced_numeric_slider,burnin,MCMC / optimization / prior control,"burnin controls computation rather than the ecological data itself. Quick values are for smoke tests; real inference needs longer runs, convergence checks and documented priors.","Check chains, burn-in/transient, thinning, seed, parallel settings and diagnostics; quick-test values are not publication settings.",Common mistake: reporting quick-test MCMC output as if it were a converged publication analysis.,"Recorded in used_config.yml, reproducible_script/ and diagnostics/session_info.txt; affects model objects and convergence tables.",Reviewer note: state whether settings are quick-test or inferential and report convergence diagnostics.
GJAM,gjam_censor_columns,textInput,censor columns,general workflow setting,censor columns modifies GJAM workflow behaviour. Record it because GUI choices should be recoverable from used_config.yml and reproducible scripts.,Check that this setting is recorded in used_config.yml and that its meaning is documented in the report.,Common mistake: changing this setting without preserving it in the reproducible configuration.,Recorded in configuration and shown in reports when relevant.,"GJAM: record the setting when it affects fitting, output or interpretation."
GJAM,gjam_censor_file,fileInput,censor.csv  - optional censoring intervals,input data / auxiliary file,censor.csv  - optional censoring intervals is an auxiliary input for GJAM. It must use the same site/species identifiers as the primary response and predictor files.,"Check dimensions, IDs, missing values, factor/numeric coercion and whether rows/columns match the response data before fitting.","Common mistake: uploading a table with an accidental ID column, mismatched row order or all-character numeric columns.",Copied to inputs/ and data/; summarized in diagnostics/data_check_messages.csv and standard/output_manifest.csv.,"GJAM: record the setting when it affects fitting, output or interpretation."
GJAM,gjam_censor_intervals,textInput,censor intervals,general workflow setting,censor intervals modifies GJAM workflow behaviour. Record it because GUI choices should be recoverable from used_config.yml and reproducible scripts.,Check that this setting is recorded in used_config.yml and that its meaning is documented in the report.,Common mistake: changing this setting without preserving it in the reproducible configuration.,Recorded in configuration and shown in reports when relevant.,"GJAM: record the setting when it affects fitting, output or interpretation."
GJAM,gjam_censor_values,textInput,censor values,general workflow setting,censor values modifies GJAM workflow behaviour. Record it because GUI choices should be recoverable from used_config.yml and reproducible scripts.,Check that this setting is recorded in used_config.yml and that its meaning is documented in the report.,Common mistake: changing this setting without preserving it in the reproducible configuration.,Recorded in configuration and shown in reports when relevant.,"GJAM: record the setting when it affects fitting, output or interpretation."
GJAM,gjam_check,actionButton,Check GJAM data,workflow action / reproducibility output,"Check GJAM data triggers checking, fitting, comparison or export. It should leave a clear status, diagnostics and real downloadable files rather than silent or empty placeholders.","Check that the action writes engine_status.json, standard tables, reports, scripts and a non-empty ZIP when applicable.","Common mistake: accepting Completed, empty ZIP or missing diagnostics as a successful run.","Controls workflow status, output folder creation, downloadable ZIPs and reports.","GJAM: record the setting when it affects fitting, output or interpretation."
GJAM,gjam_composition_reference,selectInput,composition reference rule,general workflow setting,composition reference rule modifies GJAM workflow behaviour. Record it because GUI choices should be recoverable from used_config.yml and reproducible scripts.,Check that this setting is recorded in used_config.yml and that its meaning is documented in the report.,Common mistake: changing this setting without preserving it in the reproducible configuration.,Recorded in configuration and shown in reports when relevant.,"GJAM: record the setting when it affects fitting, output or interpretation."
GJAM,gjam_do_conditional,checkboxInput,Run gjamConditionalParameters,workflow action / reproducibility output,"Run gjamConditionalParameters triggers checking, fitting, comparison or export. It should leave a clear status, diagnostics and real downloadable files rather than silent or empty placeholders.","Check that the action writes engine_status.json, standard tables, reports, scripts and a non-empty ZIP when applicable.","Common mistake: accepting Completed, empty ZIP or missing diagnostics as a successful run.","Controls workflow status, output folder creation, downloadable ZIPs and reports.","GJAM: record the setting when it affects fitting, output or interpretation."
GJAM,gjam_do_iie,checkboxInput,Run gjamIIE / gjamIIEplot,diagnostics / prediction / output selection,"Run gjamIIE / gjamIIEplot decides which fit, prediction, diagnostic or plotting artifacts are written. These outputs support review only when status files and standard tables are also present.","Check that the requested outputs are compatible with fitted status, response scale and available package functions.",Common mistake: comparing metrics produced on different response scales or validation folds.,"Controls diagnostics/, plots/, predictions/, results/, report/ and standard/*.csv artifacts.","GJAM: record the setting when it affects fitting, output or interpretation."
GJAM,gjam_do_ordination,checkboxInput,Run gjamOrdination,workflow action / reproducibility output,"Run gjamOrdination triggers checking, fitting, comparison or export. It should leave a clear status, diagnostics and real downloadable files rather than silent or empty placeholders.","Check that the action writes engine_status.json, standard tables, reports, scripts and a non-empty ZIP when applicable.","Common mistake: accepting Completed, empty ZIP or missing diagnostics as a successful run.","Controls workflow status, output folder creation, downloadable ZIPs and reports.","GJAM: record the setting when it affects fitting, output or interpretation."
GJAM,gjam_do_predict,checkboxInput,Run gjamPredict,workflow action / reproducibility output,"Run gjamPredict triggers checking, fitting, comparison or export. It should leave a clear status, diagnostics and real downloadable files rather than silent or empty placeholders.","Check that the action writes engine_status.json, standard tables, reports, scripts and a non-empty ZIP when applicable.","Common mistake: accepting Completed, empty ZIP or missing diagnostics as a successful run.","Controls workflow status, output folder creation, downloadable ZIPs and reports.","GJAM: record the setting when it affects fitting, output or interpretation."
GJAM,gjam_do_sensitivity,checkboxInput,Run gjamSensitivity,workflow action / reproducibility output,"Run gjamSensitivity triggers checking, fitting, comparison or export. It should leave a clear status, diagnostics and real downloadable files rather than silent or empty placeholders.","Check that the action writes engine_status.json, standard tables, reports, scripts and a non-empty ZIP when applicable.","Common mistake: accepting Completed, empty ZIP or missing diagnostics as a successful run.","Controls workflow status, output folder creation, downloadable ZIPs and reports.","GJAM: record the setting when it affects fitting, output or interpretation."
GJAM,gjam_do_traits,checkboxInput,Run trait analysis / gjamSpec2Trait,input data / species traits,Run trait analysis / gjamSpec2Trait supplies species-level attributes. Trait rows must match response species names exactly before trait-mediated effects are interpreted.,"Check dimensions, IDs, missing values, factor/numeric coercion and whether rows/columns match the response data before fitting.","Common mistake: uploading a table with an accidental ID column, mismatched row order or all-character numeric columns.",Copied to inputs/ and data/; summarized in diagnostics/data_check_messages.csv and standard/output_manifest.csv.,"GJAM: record the setting when it affects fitting, output or interpretation."
GJAM,gjam_download,downloadButton,Download GJAM ZIP,workflow action / reproducibility output,"Download GJAM ZIP triggers checking, fitting, comparison or export. It should leave a clear status, diagnostics and real downloadable files rather than silent or empty placeholders.","Check that the action writes engine_status.json, standard tables, reports, scripts and a non-empty ZIP when applicable.","Common mistake: accepting Completed, empty ZIP or missing diagnostics as a successful run.","Controls workflow status, output folder creation, downloadable ZIPs and reports.","GJAM: record the setting when it affects fitting, output or interpretation."
GJAM,gjam_effort_file,fileInput,effort.csv  - optional sampling effort,input data / auxiliary file,effort.csv  - optional sampling effort is an auxiliary input for GJAM. It must use the same site/species identifiers as the primary response and predictor files.,"Check dimensions, IDs, missing values, factor/numeric coercion and whether rows/columns match the response data before fitting.","Common mistake: uploading a table with an accidental ID column, mismatched row order or all-character numeric columns.",Copied to inputs/ and data/; summarized in diagnostics/data_check_messages.csv and standard/output_manifest.csv.,"GJAM: record the setting when it affects fitting, output or interpretation."
GJAM,gjam_ematAlpha,synced_numeric_slider,ematAlpha,random effect / spatial / latent structure,"ematAlpha controls residual dependence, grouping, spatial covariance or latent factors. These parameters affect interpretation of associations and should not be treated as direct species interactions without caution.","Check grouping columns, coordinates, distance matrices, duplicated locations and whether the selected structure is identifiable for the data size.",Common mistake: interpreting residual association or latent factors as direct biological interaction.,"Recorded in used_config.yml and affects associations_long.csv, diagnostics, plots and model-specific random/spatial outputs.",Reviewer note: association parameters are engine-specific and should be labelled by scale and association_type.
GJAM,gjam_formula,textInput,formula,model formula / covariate design,formula controls which predictors enter the model. Every variable named in the formula must exist in the corresponding data table after cleaning and factor conversion.,"Check that every formula variable exists, has variation and is encoded as intended after categorical conversion.","Common mistake: using ~ . without noticing unsuitable ID, coordinate or leakage columns.","Recorded in used_config.yml and affects effects_long.csv, effects_species_environment.csv and model-specific coefficient tables.","GJAM: record the setting when it affects fitting, output or interpretation."
GJAM,gjam_holdoutN,synced_numeric_slider,holdoutN,general workflow setting,holdoutN modifies GJAM workflow behaviour. Record it because GUI choices should be recoverable from used_config.yml and reproducible scripts.,Check that this setting is recorded in used_config.yml and that its meaning is documented in the report.,Common mistake: changing this setting without preserving it in the reproducible configuration.,Recorded in configuration and shown in reports when relevant.,"GJAM: record the setting when it affects fitting, output or interpretation."
GJAM,gjam_holdout_file,fileInput,holdoutIndex.csv  - optional holdout rows,input data / auxiliary file,holdoutIndex.csv  - optional holdout rows is an auxiliary input for GJAM. It must use the same site/species identifiers as the primary response and predictor files.,"Check dimensions, IDs, missing values, factor/numeric coercion and whether rows/columns match the response data before fitting.","Common mistake: uploading a table with an accidental ID column, mismatched row order or all-character numeric columns.",Copied to inputs/ and data/; summarized in diagnostics/data_check_messages.csv and standard/output_manifest.csv.,"GJAM: record the setting when it affects fitting, output or interpretation."
GJAM,gjam_inverse_prediction,checkboxInput,Inverse prediction of X,diagnostics / prediction / output selection,"Inverse prediction of X decides which fit, prediction, diagnostic or plotting artifacts are written. These outputs support review only when status files and standard tables are also present.","Check that the requested outputs are compatible with fitted status, response scale and available package functions.",Common mistake: comparing metrics produced on different response scales or validation folds.,"Controls diagnostics/, plots/, predictions/, results/, report/ and standard/*.csv artifacts.","GJAM: record the setting when it affects fitting, output or interpretation."
GJAM,gjam_missingX,checkboxInput,Allow missing X prediction,diagnostics / prediction / output selection,"Allow missing X prediction decides which fit, prediction, diagnostic or plotting artifacts are written. These outputs support review only when status files and standard tables are also present.","Check that the requested outputs are compatible with fitted status, response scale and available package functions.",Common mistake: comparing metrics produced on different response scales or validation folds.,"Controls diagnostics/, plots/, predictions/, results/, report/ and standard/*.csv artifacts.","GJAM: record the setting when it affects fitting, output or interpretation."
GJAM,gjam_missingY,checkboxInput,Allow missing Y prediction,diagnostics / prediction / output selection,"Allow missing Y prediction decides which fit, prediction, diagnostic or plotting artifacts are written. These outputs support review only when status files and standard tables are also present.","Check that the requested outputs are compatible with fitted status, response scale and available package functions.",Common mistake: comparing metrics produced on different response scales or validation folds.,"Controls diagnostics/, plots/, predictions/, results/, report/ and standard/*.csv artifacts.","GJAM: record the setting when it affects fitting, output or interpretation."
GJAM,gjam_newdata_file,fileInput,newdata.csv  - optional prediction predictors,input data / environmental predictors,"newdata.csv  - optional prediction predictors supplies site-level covariates. Rows must align with the response data, numeric-looking columns should be numeric, and intended categorical predictors should be handled as factors.","Check dimensions, IDs, missing values, factor/numeric coercion and whether rows/columns match the response data before fitting.","Common mistake: uploading a table with an accidental ID column, mismatched row order or all-character numeric columns.",Copied to inputs/ and data/; summarized in diagnostics/data_check_messages.csv and standard/output_manifest.csv.,"GJAM: record the setting when it affects fitting, output or interpretation."
GJAM,gjam_ng,synced_numeric_slider,ng,general workflow setting,ng modifies GJAM workflow behaviour. Record it because GUI choices should be recoverable from used_config.yml and reproducible scripts.,Check that this setting is recorded in used_config.yml and that its meaning is documented in the report.,Common mistake: changing this setting without preserving it in the reproducible configuration.,Recorded in configuration and shown in reports when relevant.,"GJAM: record the setting when it affects fitting, output or interpretation."
GJAM,gjam_notStandard,textInput,notStandard,general workflow setting,notStandard modifies GJAM workflow behaviour. Record it because GUI choices should be recoverable from used_config.yml and reproducible scripts.,Check that this setting is recorded in used_config.yml and that its meaning is documented in the report.,Common mistake: changing this setting without preserving it in the reproducible configuration.,Recorded in configuration and shown in reports when relevant.,"GJAM: record the setting when it affects fitting, output or interpretation."
GJAM,gjam_out_chains,checkboxInput,Save MCMC chains,MCMC / optimization / prior control,"Save MCMC chains controls computation rather than the ecological data itself. Quick values are for smoke tests; real inference needs longer runs, convergence checks and documented priors.","Check chains, burn-in/transient, thinning, seed, parallel settings and diagnostics; quick-test values are not publication settings.",Common mistake: reporting quick-test MCMC output as if it were a converged publication analysis.,"Recorded in used_config.yml, reproducible_script/ and diagnostics/session_info.txt; affects model objects and convergence tables.",Reviewer note: state whether settings are quick-test or inferential and report convergence diagnostics.
GJAM,gjam_out_config,checkboxInput,Save GJAM used_config.yml,general workflow setting,Save GJAM used_config.yml modifies GJAM workflow behaviour. Record it because GUI choices should be recoverable from used_config.yml and reproducible scripts.,Check that this setting is recorded in used_config.yml and that its meaning is documented in the report.,Common mistake: changing this setting without preserving it in the reproducible configuration.,Recorded in configuration and shown in reports when relevant.,"GJAM: record the setting when it affects fitting, output or interpretation."
GJAM,gjam_out_copy_inputs,checkboxInput,Copy GJAM input files to output folder,input data / auxiliary file,Copy GJAM input files to output folder is an auxiliary input for GJAM. It must use the same site/species identifiers as the primary response and predictor files.,"Check dimensions, IDs, missing values, factor/numeric coercion and whether rows/columns match the response data before fitting.","Common mistake: uploading a table with an accidental ID column, mismatched row order or all-character numeric columns.",Copied to inputs/ and data/; summarized in diagnostics/data_check_messages.csv and standard/output_manifest.csv.,"GJAM: record the setting when it affects fitting, output or interpretation."
GJAM,gjam_out_csv_tables,checkboxInput,Save CSV summary tables,input data / auxiliary file,Save CSV summary tables is an auxiliary input for GJAM. It must use the same site/species identifiers as the primary response and predictor files.,"Check dimensions, IDs, missing values, factor/numeric coercion and whether rows/columns match the response data before fitting.","Common mistake: uploading a table with an accidental ID column, mismatched row order or all-character numeric columns.",Copied to inputs/ and data/; summarized in diagnostics/data_check_messages.csv and standard/output_manifest.csv.,"GJAM: record the setting when it affects fitting, output or interpretation."
GJAM,gjam_out_fit,checkboxInput,Save fit diagnostics,diagnostics / prediction / output selection,"Save fit diagnostics decides which fit, prediction, diagnostic or plotting artifacts are written. These outputs support review only when status files and standard tables are also present.","Check that the requested outputs are compatible with fitted status, response scale and available package functions.",Common mistake: comparing metrics produced on different response scales or validation folds.,"Controls diagnostics/, plots/, predictions/, results/, report/ and standard/*.csv artifacts.","GJAM: record the setting when it affects fitting, output or interpretation."
GJAM,gjam_out_missing,checkboxInput,Save missing-data predictions,diagnostics / prediction / output selection,"Save missing-data predictions decides which fit, prediction, diagnostic or plotting artifacts are written. These outputs support review only when status files and standard tables are also present.","Check that the requested outputs are compatible with fitted status, response scale and available package functions.",Common mistake: comparing metrics produced on different response scales or validation folds.,"Controls diagnostics/, plots/, predictions/, results/, report/ and standard/*.csv artifacts.","GJAM: record the setting when it affects fitting, output or interpretation."
GJAM,gjam_out_model,checkboxInput,Save GJAM model object,general workflow setting,Save GJAM model object modifies GJAM workflow behaviour. Record it because GUI choices should be recoverable from used_config.yml and reproducible scripts.,Check that this setting is recorded in used_config.yml and that its meaning is documented in the report.,Common mistake: changing this setting without preserving it in the reproducible configuration.,Recorded in configuration and shown in reports when relevant.,"GJAM: record the setting when it affects fitting, output or interpretation."
GJAM,gjam_out_parameters,checkboxInput,Save parameter tables,general workflow setting,Save parameter tables modifies GJAM workflow behaviour. Record it because GUI choices should be recoverable from used_config.yml and reproducible scripts.,Check that this setting is recorded in used_config.yml and that its meaning is documented in the report.,Common mistake: changing this setting without preserving it in the reproducible configuration.,Recorded in configuration and shown in reports when relevant.,"GJAM: record the setting when it affects fitting, output or interpretation."
GJAM,gjam_out_plots,checkboxInput,Save gjamPlot figures,diagnostics / prediction / output selection,"Save gjamPlot figures decides which fit, prediction, diagnostic or plotting artifacts are written. These outputs support review only when status files and standard tables are also present.","Check that the requested outputs are compatible with fitted status, response scale and available package functions.",Common mistake: comparing metrics produced on different response scales or validation folds.,"Controls diagnostics/, plots/, predictions/, results/, report/ and standard/*.csv artifacts.","GJAM: record the setting when it affects fitting, output or interpretation."
GJAM,gjam_out_prediction,checkboxInput,Save predictions,diagnostics / prediction / output selection,"Save predictions decides which fit, prediction, diagnostic or plotting artifacts are written. These outputs support review only when status files and standard tables are also present.","Check that the requested outputs are compatible with fitted status, response scale and available package functions.",Common mistake: comparing metrics produced on different response scales or validation folds.,"Controls diagnostics/, plots/, predictions/, results/, report/ and standard/*.csv artifacts.","GJAM: record the setting when it affects fitting, output or interpretation."
GJAM,gjam_out_report,checkboxInput,Generate GJAM HTML report,workflow action / reproducibility output,"Generate GJAM HTML report triggers checking, fitting, comparison or export. It should leave a clear status, diagnostics and real downloadable files rather than silent or empty placeholders.","Check that the action writes engine_status.json, standard tables, reports, scripts and a non-empty ZIP when applicable.","Common mistake: accepting Completed, empty ZIP or missing diagnostics as a successful run.","Controls workflow status, output folder creation, downloadable ZIPs and reports.","GJAM: record the setting when it affects fitting, output or interpretation."
GJAM,gjam_out_zip,checkboxInput,Create GJAM output ZIP,workflow action / reproducibility output,"Create GJAM output ZIP triggers checking, fitting, comparison or export. It should leave a clear status, diagnostics and real downloadable files rather than silent or empty placeholders.","Check that the action writes engine_status.json, standard tables, reports, scripts and a non-empty ZIP when applicable.","Common mistake: accepting Completed, empty ZIP or missing diagnostics as a successful run.","Controls workflow status, output folder creation, downloadable ZIPs and reports.","GJAM: record the setting when it affects fitting, output or interpretation."
GJAM,gjam_prior_file,fileInput,priorTemplate.csv / prior file,input data / auxiliary file,priorTemplate.csv / prior file is an auxiliary input for GJAM. It must use the same site/species identifiers as the primary response and predictor files.,"Check dimensions, IDs, missing values, factor/numeric coercion and whether rows/columns match the response data before fitting.","Common mistake: uploading a table with an accidental ID column, mismatched row order or all-character numeric columns.",Copied to inputs/ and data/; summarized in diagnostics/data_check_messages.csv and standard/output_manifest.csv.,"GJAM: record the setting when it affects fitting, output or interpretation."
GJAM,gjam_prior_mode,selectInput,prior mode,MCMC / optimization / prior control,"prior mode controls computation rather than the ecological data itself. Quick values are for smoke tests; real inference needs longer runs, convergence checks and documented priors.","Check chains, burn-in/transient, thinning, seed, parallel settings and diagnostics; quick-test values are not publication settings.",Common mistake: reporting quick-test MCMC output as if it were a converged publication analysis.,"Recorded in used_config.yml, reproducible_script/ and diagnostics/session_info.txt; affects model objects and convergence tables.",Reviewer note: state whether settings are quick-test or inferential and report convergence diagnostics.
GJAM,gjam_random,textInput,random,random effect / spatial / latent structure,"random controls residual dependence, grouping, spatial covariance or latent factors. These parameters affect interpretation of associations and should not be treated as direct species interactions without caution.","Check grouping columns, coordinates, distance matrices, duplicated locations and whether the selected structure is identifiable for the data size.",Common mistake: interpreting residual association or latent factors as direct biological interaction.,"Recorded in used_config.yml and affects associations_long.csv, diagnostics, plots and model-specific random/spatial outputs.",Reviewer note: association parameters are engine-specific and should be labelled by scale and association_type.
GJAM,gjam_real_fit,checkboxInput,Run real GJAM package fit,diagnostics / prediction / output selection,"Run real GJAM package fit decides which fit, prediction, diagnostic or plotting artifacts are written. These outputs support review only when status files and standard tables are also present.","Check that the requested outputs are compatible with fitted status, response scale and available package functions.",Common mistake: comparing metrics produced on different response scales or validation folds.,"Controls diagnostics/, plots/, predictions/, results/, report/ and standard/*.csv artifacts.","GJAM: record the setting when it affects fitting, output or interpretation."
GJAM,gjam_reduct_N,synced_numeric_slider,reductList$N,general workflow setting,reductList$N modifies GJAM workflow behaviour. Record it because GUI choices should be recoverable from used_config.yml and reproducible scripts.,Check that this setting is recorded in used_config.yml and that its meaning is documented in the report.,Common mistake: changing this setting without preserving it in the reproducible configuration.,Recorded in configuration and shown in reports when relevant.,"GJAM: record the setting when it affects fitting, output or interpretation."
GJAM,gjam_reduct_r,synced_numeric_slider,reductList$r,general workflow setting,reductList$r modifies GJAM workflow behaviour. Record it because GUI choices should be recoverable from used_config.yml and reproducible scripts.,Check that this setting is recorded in used_config.yml and that its meaning is documented in the report.,Common mistake: changing this setting without preserving it in the reproducible configuration.,Recorded in configuration and shown in reports when relevant.,"GJAM: record the setting when it affects fitting, output or interpretation."
GJAM,gjam_run,actionButton,Run GJAM workflow,workflow action / reproducibility output,"Run GJAM workflow triggers checking, fitting, comparison or export. It should leave a clear status, diagnostics and real downloadable files rather than silent or empty placeholders.","Check that the action writes engine_status.json, standard tables, reports, scripts and a non-empty ZIP when applicable.","Common mistake: accepting Completed, empty ZIP or missing diagnostics as a successful run.","Controls workflow status, output folder creation, downloadable ZIPs and reports.","GJAM: record the setting when it affects fitting, output or interpretation."
GJAM,gjam_seed,synced_numeric_slider,seed,MCMC / optimization / prior control,"seed controls computation rather than the ecological data itself. Quick values are for smoke tests; real inference needs longer runs, convergence checks and documented priors.","Check chains, burn-in/transient, thinning, seed, parallel settings and diagnostics; quick-test values are not publication settings.",Common mistake: reporting quick-test MCMC output as if it were a converged publication analysis.,"Recorded in used_config.yml, reproducible_script/ and diagnostics/session_info.txt; affects model objects and convergence tables.",Reviewer note: state whether settings are quick-test or inferential and report convergence diagnostics.
GJAM,gjam_trait_spec_file,fileInput,specByTrait.csv  - optional species-by-trait table,input data / species traits,specByTrait.csv  - optional species-by-trait table supplies species-level attributes. Trait rows must match response species names exactly before trait-mediated effects are interpreted.,"Check dimensions, IDs, missing values, factor/numeric coercion and whether rows/columns match the response data before fitting.","Common mistake: uploading a table with an accidental ID column, mismatched row order or all-character numeric columns.",Copied to inputs/ and data/; summarized in diagnostics/data_check_messages.csv and standard/output_manifest.csv.,"GJAM: record the setting when it affects fitting, output or interpretation."
GJAM,gjam_trait_types_file,fileInput,traitTypes.csv  - optional trait type table,input data / species traits,traitTypes.csv  - optional trait type table supplies species-level attributes. Trait rows must match response species names exactly before trait-mediated effects are interpreted.,"Check dimensions, IDs, missing values, factor/numeric coercion and whether rows/columns match the response data before fitting.","Common mistake: uploading a table with an accidental ID column, mismatched row order or all-character numeric columns.",Copied to inputs/ and data/; summarized in diagnostics/data_check_messages.csv and standard/output_manifest.csv.,"GJAM: record the setting when it affects fitting, output or interpretation."
GJAM,gjam_trimY,checkboxInput,Run gjamTrimY before fitting,diagnostics / prediction / output selection,"Run gjamTrimY before fitting decides which fit, prediction, diagnostic or plotting artifacts are written. These outputs support review only when status files and standard tables are also present.","Check that the requested outputs are compatible with fitted status, response scale and available package functions.",Common mistake: comparing metrics produced on different response scales or validation folds.,"Controls diagnostics/, plots/, predictions/, results/, report/ and standard/*.csv artifacts.","GJAM: record the setting when it affects fitting, output or interpretation."
GJAM,gjam_trim_minObs,synced_numeric_slider,minimum observations for trimming,general workflow setting,minimum observations for trimming modifies GJAM workflow behaviour. Record it because GUI choices should be recoverable from used_config.yml and reproducible scripts.,Check that this setting is recorded in used_config.yml and that its meaning is documented in the report.,Common mistake: changing this setting without preserving it in the reproducible configuration.,Recorded in configuration and shown in reports when relevant.,"GJAM: record the setting when it affects fitting, output or interpretation."
GJAM,gjam_typeNames_text,textAreaInput,typeNames manual override,response family / likelihood,"typeNames manual override chooses how observations are linked to the latent ecological process. Binary, count, continuous, beta, ordinal and mixed-scale responses require different valid data ranges.","Check that response values satisfy the selected family: 0/1 for binary, non-negative integers for counts, continuous numeric values for Gaussian, valid bounded values for beta/ordinal settings.",Common mistake: allowing a model to run with a family that does not match the response scale.,"Recorded in used_config.yml and affects standard/run_summary.csv, fit_metrics.csv and predictions_long.csv.","GJAM: record the setting when it affects fitting, output or interpretation."
GJAM,gjam_type_file,fileInput,typeNames.csv  - response type table,input data / response matrix,typeNames.csv  - response type table defines the observed ecological response for GJAM. Rows should be sampling units and columns should be species/responses unless the workflow explicitly uses long or detection-array input.,"Check dimensions, IDs, missing values, factor/numeric coercion and whether rows/columns match the response data before fitting.","Common mistake: uploading a table with an accidental ID column, mismatched row order or all-character numeric columns.",Copied to inputs/ and data/; summarized in diagnostics/data_check_messages.csv and standard/output_manifest.csv.,"GJAM: record the setting when it affects fitting, output or interpretation."
GJAM,gjam_type_single,selectInput,single typeName,general workflow setting,single typeName modifies GJAM workflow behaviour. Record it because GUI choices should be recoverable from used_config.yml and reproducible scripts.,Check that this setting is recorded in used_config.yml and that its meaning is documented in the report.,Common mistake: changing this setting without preserving it in the reproducible configuration.,Recorded in configuration and shown in reports when relevant.,"GJAM: record the setting when it affects fitting, output or interpretation."
GJAM,gjam_use_prior_template,checkboxInput,Use gjamPriorTemplate,MCMC / optimization / prior control,"Use gjamPriorTemplate controls computation rather than the ecological data itself. Quick values are for smoke tests; real inference needs longer runs, convergence checks and documented priors.","Check chains, burn-in/transient, thinning, seed, parallel settings and diagnostics; quick-test values are not publication settings.",Common mistake: reporting quick-test MCMC output as if it were a converged publication analysis.,"Recorded in used_config.yml, reproducible_script/ and diagnostics/session_info.txt; affects model objects and convergence tables.",Reviewer note: state whether settings are quick-test or inferential and report convergence diagnostics.
Hmsc,hmsc_C_file,textInput,C correlation matrix file name,input data / auxiliary file,C correlation matrix file name is an auxiliary input for Hmsc. It must use the same site/species identifiers as the primary response and predictor files.,"Check dimensions, IDs, missing values, factor/numeric coercion and whether rows/columns match the response data before fitting.","Common mistake: uploading a table with an accidental ID column, mismatched row order or all-character numeric columns.",Copied to inputs/ and data/; summarized in diagnostics/data_check_messages.csv and standard/output_manifest.csv.,"Hmsc: record the setting when it affects fitting, output or interpretation."
Hmsc,hmsc_Loff_file,textInput,Loff offset file name,input data / auxiliary file,Loff offset file name is an auxiliary input for Hmsc. It must use the same site/species identifiers as the primary response and predictor files.,"Check dimensions, IDs, missing values, factor/numeric coercion and whether rows/columns match the response data before fitting.","Common mistake: uploading a table with an accidental ID column, mismatched row order or all-character numeric columns.",Copied to inputs/ and data/; summarized in diagnostics/data_check_messages.csv and standard/output_manifest.csv.,"Hmsc: record the setting when it affects fitting, output or interpretation."
Hmsc,hmsc_TrFormula,textInput,TrFormula  - trait formula,model formula / covariate design,TrFormula  - trait formula controls which predictors enter the model. Every variable named in the formula must exist in the corresponding data table after cleaning and factor conversion.,"Check that every formula variable exists, has variation and is encoded as intended after categorical conversion.","Common mistake: using ~ . without noticing unsuitable ID, coordinate or leakage columns.","Recorded in used_config.yml and affects effects_long.csv, effects_species_environment.csv and model-specific coefficient tables.","Hmsc: record the setting when it affects fitting, output or interpretation."
Hmsc,hmsc_TrScale,checkboxInput,TrScale,general workflow setting,TrScale modifies Hmsc workflow behaviour. Record it because GUI choices should be recoverable from used_config.yml and reproducible scripts.,Check that this setting is recorded in used_config.yml and that its meaning is documented in the report.,Common mistake: changing this setting without preserving it in the reproducible configuration.,Recorded in configuration and shown in reports when relevant.,"Hmsc: record the setting when it affects fitting, output or interpretation."
Hmsc,hmsc_Tr_file,fileInput,TrData.csv  - traits / response attributes,input data / response matrix,TrData.csv  - traits / response attributes defines the observed ecological response for Hmsc. Rows should be sampling units and columns should be species/responses unless the workflow explicitly uses long or detection-array input.,"Check dimensions, IDs, missing values, factor/numeric coercion and whether rows/columns match the response data before fitting.","Common mistake: uploading a table with an accidental ID column, mismatched row order or all-character numeric columns.",Copied to inputs/ and data/; summarized in diagnostics/data_check_messages.csv and standard/output_manifest.csv.,"Hmsc: record the setting when it affects fitting, output or interpretation."
Hmsc,hmsc_XFormula,textInput,XFormula  - environmental formula,model formula / covariate design,XFormula  - environmental formula controls which predictors enter the model. Every variable named in the formula must exist in the corresponding data table after cleaning and factor conversion.,"Check that every formula variable exists, has variation and is encoded as intended after categorical conversion.","Common mistake: using ~ . without noticing unsuitable ID, coordinate or leakage columns.","Recorded in used_config.yml and affects effects_long.csv, effects_species_environment.csv and model-specific coefficient tables.","Hmsc: record the setting when it affects fitting, output or interpretation."
Hmsc,hmsc_XRRRFormula,textInput,XRRRFormula,model formula / covariate design,XRRRFormula controls which predictors enter the model. Every variable named in the formula must exist in the corresponding data table after cleaning and factor conversion.,"Check that every formula variable exists, has variation and is encoded as intended after categorical conversion.","Common mistake: using ~ . without noticing unsuitable ID, coordinate or leakage columns.","Recorded in used_config.yml and affects effects_long.csv, effects_species_environment.csv and model-specific coefficient tables.","Hmsc: record the setting when it affects fitting, output or interpretation."
Hmsc,hmsc_XRRRScale,checkboxInput,XRRRScale,general workflow setting,XRRRScale modifies Hmsc workflow behaviour. Record it because GUI choices should be recoverable from used_config.yml and reproducible scripts.,Check that this setting is recorded in used_config.yml and that its meaning is documented in the report.,Common mistake: changing this setting without preserving it in the reproducible configuration.,Recorded in configuration and shown in reports when relevant.,"Hmsc: record the setting when it affects fitting, output or interpretation."
Hmsc,hmsc_XRRR_file,textInput,XRRRData file name,input data / auxiliary file,XRRRData file name is an auxiliary input for Hmsc. It must use the same site/species identifiers as the primary response and predictor files.,"Check dimensions, IDs, missing values, factor/numeric coercion and whether rows/columns match the response data before fitting.","Common mistake: uploading a table with an accidental ID column, mismatched row order or all-character numeric columns.",Copied to inputs/ and data/; summarized in diagnostics/data_check_messages.csv and standard/output_manifest.csv.,"Hmsc: record the setting when it affects fitting, output or interpretation."
Hmsc,hmsc_XScale,checkboxInput,XScale,general workflow setting,XScale modifies Hmsc workflow behaviour. Record it because GUI choices should be recoverable from used_config.yml and reproducible scripts.,Check that this setting is recorded in used_config.yml and that its meaning is documented in the report.,Common mistake: changing this setting without preserving it in the reproducible configuration.,Recorded in configuration and shown in reports when relevant.,"Hmsc: record the setting when it affects fitting, output or interpretation."
Hmsc,hmsc_X_file,fileInput,XData.csv  - environmental predictors,input data / environmental predictors,"XData.csv  - environmental predictors supplies site-level covariates. Rows must align with the response data, numeric-looking columns should be numeric, and intended categorical predictors should be handled as factors.","Check dimensions, IDs, missing values, factor/numeric coercion and whether rows/columns match the response data before fitting.","Common mistake: uploading a table with an accidental ID column, mismatched row order or all-character numeric columns.",Copied to inputs/ and data/; summarized in diagnostics/data_check_messages.csv and standard/output_manifest.csv.,"Hmsc: record the setting when it affects fitting, output or interpretation."
Hmsc,hmsc_YScale,checkboxInput,YScale,general workflow setting,YScale modifies Hmsc workflow behaviour. Record it because GUI choices should be recoverable from used_config.yml and reproducible scripts.,Check that this setting is recorded in used_config.yml and that its meaning is documented in the report.,Common mistake: changing this setting without preserving it in the reproducible configuration.,Recorded in configuration and shown in reports when relevant.,"Hmsc: record the setting when it affects fitting, output or interpretation."
Hmsc,hmsc_Y_file,fileInput,Y.csv  - response matrix,input data / response matrix,Y.csv  - response matrix defines the observed ecological response for Hmsc. Rows should be sampling units and columns should be species/responses unless the workflow explicitly uses long or detection-array input.,"Check dimensions, IDs, missing values, factor/numeric coercion and whether rows/columns match the response data before fitting.","Common mistake: uploading a table with an accidental ID column, mismatched row order or all-character numeric columns.",Copied to inputs/ and data/; summarized in diagnostics/data_check_messages.csv and standard/output_manifest.csv.,"Hmsc: record the setting when it affects fitting, output or interpretation."
Hmsc,hmsc_a1,numericInput,a1,general workflow setting,a1 modifies Hmsc workflow behaviour. Record it because GUI choices should be recoverable from used_config.yml and reproducible scripts.,Check that this setting is recorded in used_config.yml and that its meaning is documented in the report.,Common mistake: changing this setting without preserving it in the reproducible configuration.,Recorded in configuration and shown in reports when relevant.,"Hmsc: record the setting when it affects fitting, output or interpretation."
Hmsc,hmsc_a2,numericInput,a2,general workflow setting,a2 modifies Hmsc workflow behaviour. Record it because GUI choices should be recoverable from used_config.yml and reproducible scripts.,Check that this setting is recorded in used_config.yml and that its meaning is documented in the report.,Common mistake: changing this setting without preserving it in the reproducible configuration.,Recorded in configuration and shown in reports when relevant.,"Hmsc: record the setting when it affects fitting, output or interpretation."
Hmsc,hmsc_alignPost,checkboxInput,alignPost,general workflow setting,alignPost modifies Hmsc workflow behaviour. Record it because GUI choices should be recoverable from used_config.yml and reproducible scripts.,Check that this setting is recorded in used_config.yml and that its meaning is documented in the report.,Common mistake: changing this setting without preserving it in the reproducible configuration.,Recorded in configuration and shown in reports when relevant.,"Hmsc: record the setting when it affects fitting, output or interpretation."
Hmsc,hmsc_alphapw,textInput,alphapw,random effect / spatial / latent structure,"alphapw controls residual dependence, grouping, spatial covariance or latent factors. These parameters affect interpretation of associations and should not be treated as direct species interactions without caution.","Check grouping columns, coordinates, distance matrices, duplicated locations and whether the selected structure is identifiable for the data size.",Common mistake: interpreting residual association or latent factors as direct biological interaction.,"Recorded in used_config.yml and affects associations_long.csv, diagnostics, plots and model-specific random/spatial outputs.",Reviewer note: association parameters are engine-specific and should be labelled by scale and association_type.
Hmsc,hmsc_b1,numericInput,b1,general workflow setting,b1 modifies Hmsc workflow behaviour. Record it because GUI choices should be recoverable from used_config.yml and reproducible scripts.,Check that this setting is recorded in used_config.yml and that its meaning is documented in the report.,Common mistake: changing this setting without preserving it in the reproducible configuration.,Recorded in configuration and shown in reports when relevant.,"Hmsc: record the setting when it affects fitting, output or interpretation."
Hmsc,hmsc_b2,numericInput,b2,general workflow setting,b2 modifies Hmsc workflow behaviour. Record it because GUI choices should be recoverable from used_config.yml and reproducible scripts.,Check that this setting is recorded in used_config.yml and that its meaning is documented in the report.,Common mistake: changing this setting without preserving it in the reproducible configuration.,Recorded in configuration and shown in reports when relevant.,"Hmsc: record the setting when it affects fitting, output or interpretation."
Hmsc,hmsc_beta_support,checkboxInput,Beta support,response family / likelihood,"Beta support chooses how observations are linked to the latent ecological process. Binary, count, continuous, beta, ordinal and mixed-scale responses require different valid data ranges.","Check that response values satisfy the selected family: 0/1 for binary, non-negative integers for counts, continuous numeric values for Gaussian, valid bounded values for beta/ordinal settings.",Common mistake: allowing a model to run with a family that does not match the response scale.,"Recorded in used_config.yml and affects standard/run_summary.csv, fit_metrics.csv and predictions_long.csv.","Hmsc: record the setting when it affects fitting, output or interpretation."
Hmsc,hmsc_check,actionButton,Check HMSC data,workflow action / reproducibility output,"Check HMSC data triggers checking, fitting, comparison or export. It should leave a clear status, diagnostics and real downloadable files rather than silent or empty placeholders.","Check that the action writes engine_status.json, standard tables, reports, scripts and a non-empty ZIP when applicable.","Common mistake: accepting Completed, empty ZIP or missing diagnostics as a successful run.","Controls workflow status, output folder creation, downloadable ZIPs and reports.","Hmsc: record the setting when it affects fitting, output or interpretation."
Hmsc,hmsc_compute_sair,checkboxInput,computeSAIR,general workflow setting,computeSAIR modifies Hmsc workflow behaviour. Record it because GUI choices should be recoverable from used_config.yml and reproducible scripts.,Check that this setting is recorded in used_config.yml and that its meaning is documented in the report.,Common mistake: changing this setting without preserving it in the reproducible configuration.,Recorded in configuration and shown in reports when relevant.,"Hmsc: record the setting when it affects fitting, output or interpretation."
Hmsc,hmsc_conv_alpha,checkboxInput,alpha,random effect / spatial / latent structure,"alpha controls residual dependence, grouping, spatial covariance or latent factors. These parameters affect interpretation of associations and should not be treated as direct species interactions without caution.","Check grouping columns, coordinates, distance matrices, duplicated locations and whether the selected structure is identifiable for the data size.",Common mistake: interpreting residual association or latent factors as direct biological interaction.,"Recorded in used_config.yml and affects associations_long.csv, diagnostics, plots and model-specific random/spatial outputs.",Reviewer note: association parameters are engine-specific and should be labelled by scale and association_type.
Hmsc,hmsc_conv_beta,checkboxInput,Beta,response family / likelihood,"Beta chooses how observations are linked to the latent ecological process. Binary, count, continuous, beta, ordinal and mixed-scale responses require different valid data ranges.","Check that response values satisfy the selected family: 0/1 for binary, non-negative integers for counts, continuous numeric values for Gaussian, valid bounded values for beta/ordinal settings.",Common mistake: allowing a model to run with a family that does not match the response scale.,"Recorded in used_config.yml and affects standard/run_summary.csv, fit_metrics.csv and predictions_long.csv.","Hmsc: record the setting when it affects fitting, output or interpretation."
Hmsc,hmsc_conv_gamma,checkboxInput,Gamma,general workflow setting,Gamma modifies Hmsc workflow behaviour. Record it because GUI choices should be recoverable from used_config.yml and reproducible scripts.,Check that this setting is recorded in used_config.yml and that its meaning is documented in the report.,Common mistake: changing this setting without preserving it in the reproducible configuration.,Recorded in configuration and shown in reports when relevant.,"Hmsc: record the setting when it affects fitting, output or interpretation."
Hmsc,hmsc_conv_omega,checkboxInput,Omega,random effect / spatial / latent structure,"Omega controls residual dependence, grouping, spatial covariance or latent factors. These parameters affect interpretation of associations and should not be treated as direct species interactions without caution.","Check grouping columns, coordinates, distance matrices, duplicated locations and whether the selected structure is identifiable for the data size.",Common mistake: interpreting residual association or latent factors as direct biological interaction.,"Recorded in used_config.yml and affects associations_long.csv, diagnostics, plots and model-specific random/spatial outputs.",Reviewer note: association parameters are engine-specific and should be labelled by scale and association_type.
Hmsc,hmsc_conv_rho,checkboxInput,rho,random effect / spatial / latent structure,"rho controls residual dependence, grouping, spatial covariance or latent factors. These parameters affect interpretation of associations and should not be treated as direct species interactions without caution.","Check grouping columns, coordinates, distance matrices, duplicated locations and whether the selected structure is identifiable for the data size.",Common mistake: interpreting residual association or latent factors as direct biological interaction.,"Recorded in used_config.yml and affects associations_long.csv, diagnostics, plots and model-specific random/spatial outputs.",Reviewer note: association parameters are engine-specific and should be labelled by scale and association_type.
Hmsc,hmsc_coord_file,fileInput,coordinates.csv  - spatial coordinates,input data / spatial structure,"coordinates.csv  - spatial coordinates defines spatial coordinates, grouping or distance information. Use it only with spatial/random-effect settings that require the same site order as the response matrix.","Check dimensions, IDs, missing values, factor/numeric coercion and whether rows/columns match the response data before fitting.","Common mistake: uploading a table with an accidental ID column, mismatched row order or all-character numeric columns.",Copied to inputs/ and data/; summarized in diagnostics/data_check_messages.csv and standard/output_manifest.csv.,"Hmsc: record the setting when it affects fitting, output or interpretation."
Hmsc,hmsc_create_standard,checkboxInput,Create standard comparison tables,general workflow setting,Create standard comparison tables modifies Hmsc workflow behaviour. Record it because GUI choices should be recoverable from used_config.yml and reproducible scripts.,Check that this setting is recorded in used_config.yml and that its meaning is documented in the report.,Common mistake: changing this setting without preserving it in the reproducible configuration.,Recorded in configuration and shown in reports when relevant.,"Hmsc: record the setting when it affects fitting, output or interpretation."
Hmsc,hmsc_distMat_file,textInput,distMat file name,input data / spatial structure,"distMat file name defines spatial coordinates, grouping or distance information. Use it only with spatial/random-effect settings that require the same site order as the response matrix.","Check dimensions, IDs, missing values, factor/numeric coercion and whether rows/columns match the response data before fitting.","Common mistake: uploading a table with an accidental ID column, mismatched row order or all-character numeric columns.",Copied to inputs/ and data/; summarized in diagnostics/data_check_messages.csv and standard/output_manifest.csv.,"Hmsc: record the setting when it affects fitting, output or interpretation."
Hmsc,hmsc_distr,selectInput,distr  - response distribution,response family / likelihood,"distr  - response distribution chooses how observations are linked to the latent ecological process. Binary, count, continuous, beta, ordinal and mixed-scale responses require different valid data ranges.","Check that response values satisfy the selected family: 0/1 for binary, non-negative integers for counts, continuous numeric values for Gaussian, valid bounded values for beta/ordinal settings.",Common mistake: allowing a model to run with a family that does not match the response scale.,"Recorded in used_config.yml and affects standard/run_summary.csv, fit_metrics.csv and predictions_long.csv.","Hmsc: record the setting when it affects fitting, output or interpretation."
Hmsc,hmsc_download,downloadButton,Download HMSC ZIP,workflow action / reproducibility output,"Download HMSC ZIP triggers checking, fitting, comparison or export. It should leave a clear status, diagnostics and real downloadable files rather than silent or empty placeholders.","Check that the action writes engine_status.json, standard tables, reports, scripts and a non-empty ZIP when applicable.","Common mistake: accepting Completed, empty ZIP or missing diagnostics as a successful run.","Controls workflow status, output folder creation, downloadable ZIPs and reports.","Hmsc: record the setting when it affects fitting, output or interpretation."
Hmsc,hmsc_effective_size,checkboxInput,effectiveSize,general workflow setting,effectiveSize modifies Hmsc workflow behaviour. Record it because GUI choices should be recoverable from used_config.yml and reproducible scripts.,Check that this setting is recorded in used_config.yml and that its meaning is documented in the report.,Common mistake: changing this setting without preserving it in the reproducible configuration.,Recorded in configuration and shown in reports when relevant.,"Hmsc: record the setting when it affects fitting, output or interpretation."
Hmsc,hmsc_env_list,textInput,env.list,general workflow setting,env.list modifies Hmsc workflow behaviour. Record it because GUI choices should be recoverable from used_config.yml and reproducible scripts.,Check that this setting is recorded in used_config.yml and that its meaning is documented in the report.,Common mistake: changing this setting without preserving it in the reproducible configuration.,Recorded in configuration and shown in reports when relevant.,"Hmsc: record the setting when it affects fitting, output or interpretation."
Hmsc,hmsc_export_scripts,checkboxInput,Export executable R scripts,workflow action / reproducibility output,"Export executable R scripts triggers checking, fitting, comparison or export. It should leave a clear status, diagnostics and real downloadable files rather than silent or empty placeholders.","Check that the action writes engine_status.json, standard tables, reports, scripts and a non-empty ZIP when applicable.","Common mistake: accepting Completed, empty ZIP or missing diagnostics as a successful run.","Controls workflow status, output folder creation, downloadable ZIPs and reports.","Hmsc: record the setting when it affects fitting, output or interpretation."
Hmsc,hmsc_gamma_support,checkboxInput,Gamma support,diagnostics / prediction / output selection,"Gamma support decides which fit, prediction, diagnostic or plotting artifacts are written. These outputs support review only when status files and standard tables are also present.","Check that the requested outputs are compatible with fitted status, response scale and available package functions.",Common mistake: comparing metrics produced on different response scales or validation folds.,"Controls diagnostics/, plots/, predictions/, results/, report/ and standard/*.csv artifacts.","Hmsc: record the setting when it affects fitting, output or interpretation."
Hmsc,hmsc_gelman_psrf,checkboxInput,Gelman PSRF,general workflow setting,Gelman PSRF modifies Hmsc workflow behaviour. Record it because GUI choices should be recoverable from used_config.yml and reproducible scripts.,Check that this setting is recorded in used_config.yml and that its meaning is documented in the report.,Common mistake: changing this setting without preserving it in the reproducible configuration.,Recorded in configuration and shown in reports when relevant.,"Hmsc: record the setting when it affects fitting, output or interpretation."
Hmsc,hmsc_initPar,selectInput,initPar,general workflow setting,initPar modifies Hmsc workflow behaviour. Record it because GUI choices should be recoverable from used_config.yml and reproducible scripts.,Check that this setting is recorded in used_config.yml and that its meaning is documented in the report.,Common mistake: changing this setting without preserving it in the reproducible configuration.,Recorded in configuration and shown in reports when relevant.,"Hmsc: record the setting when it affects fitting, output or interpretation."
Hmsc,hmsc_lat_col,textInput,Latitude / y column,general workflow setting,Latitude / y column modifies Hmsc workflow behaviour. Record it because GUI choices should be recoverable from used_config.yml and reproducible scripts.,Check that this setting is recorded in used_config.yml and that its meaning is documented in the report.,Common mistake: changing this setting without preserving it in the reproducible configuration.,Recorded in configuration and shown in reports when relevant.,"Hmsc: record the setting when it affects fitting, output or interpretation."
Hmsc,hmsc_lon_col,textInput,Longitude / x column,general workflow setting,Longitude / x column modifies Hmsc workflow behaviour. Record it because GUI choices should be recoverable from used_config.yml and reproducible scripts.,Check that this setting is recorded in used_config.yml and that its meaning is documented in the report.,Common mistake: changing this setting without preserving it in the reproducible configuration.,Recorded in configuration and shown in reports when relevant.,"Hmsc: record the setting when it affects fitting, output or interpretation."
Hmsc,hmsc_longlat,checkboxInput,longlat,general workflow setting,longlat modifies Hmsc workflow behaviour. Record it because GUI choices should be recoverable from used_config.yml and reproducible scripts.,Check that this setting is recorded in used_config.yml and that its meaning is documented in the report.,Common mistake: changing this setting without preserving it in the reproducible configuration.,Recorded in configuration and shown in reports when relevant.,"Hmsc: record the setting when it affects fitting, output or interpretation."
Hmsc,hmsc_maxOmega,synced_numeric_slider,maxOmega,random effect / spatial / latent structure,"maxOmega controls residual dependence, grouping, spatial covariance or latent factors. These parameters affect interpretation of associations and should not be treated as direct species interactions without caution.","Check grouping columns, coordinates, distance matrices, duplicated locations and whether the selected structure is identifiable for the data size.",Common mistake: interpreting residual association or latent factors as direct biological interaction.,"Recorded in used_config.yml and affects associations_long.csv, diagnostics, plots and model-specific random/spatial outputs.",Reviewer note: association parameters are engine-specific and should be labelled by scale and association_type.
Hmsc,hmsc_nChains,synced_numeric_slider,nChains,MCMC / optimization / prior control,"nChains controls computation rather than the ecological data itself. Quick values are for smoke tests; real inference needs longer runs, convergence checks and documented priors.","Check chains, burn-in/transient, thinning, seed, parallel settings and diagnostics; quick-test values are not publication settings.",Common mistake: reporting quick-test MCMC output as if it were a converged publication analysis.,"Recorded in used_config.yml, reproducible_script/ and diagnostics/session_info.txt; affects model objects and convergence tables.",Reviewer note: state whether settings are quick-test or inferential and report convergence diagnostics.
Hmsc,hmsc_nNeighbours,synced_numeric_slider,NNGP nNeighbours,random effect / spatial / latent structure,"NNGP nNeighbours controls residual dependence, grouping, spatial covariance or latent factors. These parameters affect interpretation of associations and should not be treated as direct species interactions without caution.","Check grouping columns, coordinates, distance matrices, duplicated locations and whether the selected structure is identifiable for the data size.",Common mistake: interpreting residual association or latent factors as direct biological interaction.,"Recorded in used_config.yml and affects associations_long.csv, diagnostics, plots and model-specific random/spatial outputs.",Reviewer note: association parameters are engine-specific and should be labelled by scale and association_type.
Hmsc,hmsc_nParallel,synced_numeric_slider,nParallel,MCMC / optimization / prior control,"nParallel controls computation rather than the ecological data itself. Quick values are for smoke tests; real inference needs longer runs, convergence checks and documented priors.","Check chains, burn-in/transient, thinning, seed, parallel settings and diagnostics; quick-test values are not publication settings.",Common mistake: reporting quick-test MCMC output as if it were a converged publication analysis.,"Recorded in used_config.yml, reproducible_script/ and diagnostics/session_info.txt; affects model objects and convergence tables.",Reviewer note: state whether settings are quick-test or inferential and report convergence diagnostics.
Hmsc,hmsc_ncRRR,synced_numeric_slider,ncRRR,general workflow setting,ncRRR modifies Hmsc workflow behaviour. Record it because GUI choices should be recoverable from used_config.yml and reproducible scripts.,Check that this setting is recorded in used_config.yml and that its meaning is documented in the report.,Common mistake: changing this setting without preserving it in the reproducible configuration.,Recorded in configuration and shown in reports when relevant.,"Hmsc: record the setting when it affects fitting, output or interpretation."
Hmsc,hmsc_nfMax,synced_numeric_slider,nfMax,general workflow setting,nfMax modifies Hmsc workflow behaviour. Record it because GUI choices should be recoverable from used_config.yml and reproducible scripts.,Check that this setting is recorded in used_config.yml and that its meaning is documented in the report.,Common mistake: changing this setting without preserving it in the reproducible configuration.,Recorded in configuration and shown in reports when relevant.,"Hmsc: record the setting when it affects fitting, output or interpretation."
Hmsc,hmsc_nfMin,synced_numeric_slider,nfMin,general workflow setting,nfMin modifies Hmsc workflow behaviour. Record it because GUI choices should be recoverable from used_config.yml and reproducible scripts.,Check that this setting is recorded in used_config.yml and that its meaning is documented in the report.,Common mistake: changing this setting without preserving it in the reproducible configuration.,Recorded in configuration and shown in reports when relevant.,"Hmsc: record the setting when it affects fitting, output or interpretation."
Hmsc,hmsc_nfolds,synced_numeric_slider,nfolds,diagnostics / prediction / output selection,"nfolds decides which fit, prediction, diagnostic or plotting artifacts are written. These outputs support review only when status files and standard tables are also present.","Check that the requested outputs are compatible with fitted status, response scale and available package functions.",Common mistake: comparing metrics produced on different response scales or validation folds.,"Controls diagnostics/, plots/, predictions/, results/, report/ and standard/*.csv artifacts.","Hmsc: record the setting when it affects fitting, output or interpretation."
Hmsc,hmsc_omega_order,selectInput,Omega order,random effect / spatial / latent structure,"Omega order controls residual dependence, grouping, spatial covariance or latent factors. These parameters affect interpretation of associations and should not be treated as direct species interactions without caution.","Check grouping columns, coordinates, distance matrices, duplicated locations and whether the selected structure is identifiable for the data size.",Common mistake: interpreting residual association or latent factors as direct biological interaction.,"Recorded in used_config.yml and affects associations_long.csv, diagnostics, plots and model-specific random/spatial outputs.",Reviewer note: association parameters are engine-specific and should be labelled by scale and association_type.
Hmsc,hmsc_omega_support,checkboxInput,Omega support,random effect / spatial / latent structure,"Omega support controls residual dependence, grouping, spatial covariance or latent factors. These parameters affect interpretation of associations and should not be treated as direct species interactions without caution.","Check grouping columns, coordinates, distance matrices, duplicated locations and whether the selected structure is identifiable for the data size.",Common mistake: interpreting residual association or latent factors as direct biological interaction.,"Recorded in used_config.yml and affects associations_long.csv, diagnostics, plots and model-specific random/spatial outputs.",Reviewer note: association parameters are engine-specific and should be labelled by scale and association_type.
Hmsc,hmsc_out_copy_inputs,checkboxInput,Copy input files,input data / auxiliary file,Copy input files is an auxiliary input for Hmsc. It must use the same site/species identifiers as the primary response and predictor files.,"Check dimensions, IDs, missing values, factor/numeric coercion and whether rows/columns match the response data before fitting.","Common mistake: uploading a table with an accidental ID column, mismatched row order or all-character numeric columns.",Copied to inputs/ and data/; summarized in diagnostics/data_check_messages.csv and standard/output_manifest.csv.,"Hmsc: record the setting when it affects fitting, output or interpretation."
Hmsc,hmsc_out_cv,checkboxInput,Cross-validation,diagnostics / prediction / output selection,"Cross-validation decides which fit, prediction, diagnostic or plotting artifacts are written. These outputs support review only when status files and standard tables are also present.","Check that the requested outputs are compatible with fitted status, response scale and available package functions.",Common mistake: comparing metrics produced on different response scales or validation folds.,"Controls diagnostics/, plots/, predictions/, results/, report/ and standard/*.csv artifacts.","Hmsc: record the setting when it affects fitting, output or interpretation."
Hmsc,hmsc_out_diag,checkboxInput,MCMC diagnostics,MCMC / optimization / prior control,"MCMC diagnostics controls computation rather than the ecological data itself. Quick values are for smoke tests; real inference needs longer runs, convergence checks and documented priors.","Check chains, burn-in/transient, thinning, seed, parallel settings and diagnostics; quick-test values are not publication settings.",Common mistake: reporting quick-test MCMC output as if it were a converged publication analysis.,"Recorded in used_config.yml, reproducible_script/ and diagnostics/session_info.txt; affects model objects and convergence tables.",Reviewer note: state whether settings are quick-test or inferential and report convergence diagnostics.
Hmsc,hmsc_out_fit,checkboxInput,evaluateModelFit,diagnostics / prediction / output selection,"evaluateModelFit decides which fit, prediction, diagnostic or plotting artifacts are written. These outputs support review only when status files and standard tables are also present.","Check that the requested outputs are compatible with fitted status, response scale and available package functions.",Common mistake: comparing metrics produced on different response scales or validation folds.,"Controls diagnostics/, plots/, predictions/, results/, report/ and standard/*.csv artifacts.","Hmsc: record the setting when it affects fitting, output or interpretation."
Hmsc,hmsc_out_gradients,checkboxInput,Environmental gradients,general workflow setting,Environmental gradients modifies Hmsc workflow behaviour. Record it because GUI choices should be recoverable from used_config.yml and reproducible scripts.,Check that this setting is recorded in used_config.yml and that its meaning is documented in the report.,Common mistake: changing this setting without preserving it in the reproducible configuration.,Recorded in configuration and shown in reports when relevant.,"Hmsc: record the setting when it affects fitting, output or interpretation."
Hmsc,hmsc_out_omega,checkboxInput,Associations / Omega,random effect / spatial / latent structure,"Associations / Omega controls residual dependence, grouping, spatial covariance or latent factors. These parameters affect interpretation of associations and should not be treated as direct species interactions without caution.","Check grouping columns, coordinates, distance matrices, duplicated locations and whether the selected structure is identifiable for the data size.",Common mistake: interpreting residual association or latent factors as direct biological interaction.,"Recorded in used_config.yml and affects associations_long.csv, diagnostics, plots and model-specific random/spatial outputs.",Reviewer note: association parameters are engine-specific and should be labelled by scale and association_type.
Hmsc,hmsc_out_params,checkboxInput,Parameter estimates,general workflow setting,Parameter estimates modifies Hmsc workflow behaviour. Record it because GUI choices should be recoverable from used_config.yml and reproducible scripts.,Check that this setting is recorded in used_config.yml and that its meaning is documented in the report.,Common mistake: changing this setting without preserving it in the reproducible configuration.,Recorded in configuration and shown in reports when relevant.,"Hmsc: record the setting when it affects fitting, output or interpretation."
Hmsc,hmsc_out_predicted,checkboxInput,computePredictedValues,general workflow setting,computePredictedValues modifies Hmsc workflow behaviour. Record it because GUI choices should be recoverable from used_config.yml and reproducible scripts.,Check that this setting is recorded in used_config.yml and that its meaning is documented in the report.,Common mistake: changing this setting without preserving it in the reproducible configuration.,Recorded in configuration and shown in reports when relevant.,"Hmsc: record the setting when it affects fitting, output or interpretation."
Hmsc,hmsc_out_vp,checkboxInput,Variance partitioning,diagnostics / prediction / output selection,"Variance partitioning decides which fit, prediction, diagnostic or plotting artifacts are written. These outputs support review only when status files and standard tables are also present.","Check that the requested outputs are compatible with fitted status, response scale and available package functions.",Common mistake: comparing metrics produced on different response scales or validation folds.,"Controls diagnostics/, plots/, predictions/, results/, report/ and standard/*.csv artifacts.","Hmsc: record the setting when it affects fitting, output or interpretation."
Hmsc,hmsc_out_waic,checkboxInput,computeWAIC,diagnostics / prediction / output selection,"computeWAIC decides which fit, prediction, diagnostic or plotting artifacts are written. These outputs support review only when status files and standard tables are also present.","Check that the requested outputs are compatible with fitted status, response scale and available package functions.",Common mistake: comparing metrics produced on different response scales or validation folds.,"Controls diagnostics/, plots/, predictions/, results/, report/ and standard/*.csv artifacts.","Hmsc: record the setting when it affects fitting, output or interpretation."
Hmsc,hmsc_partition_column,textInput,partition column,general workflow setting,partition column modifies Hmsc workflow behaviour. Record it because GUI choices should be recoverable from used_config.yml and reproducible scripts.,Check that this setting is recorded in used_config.yml and that its meaning is documented in the report.,Common mistake: changing this setting without preserving it in the reproducible configuration.,Recorded in configuration and shown in reports when relevant.,"Hmsc: record the setting when it affects fitting, output or interpretation."
Hmsc,hmsc_phylo_file,fileInput,phylogeny / taxonomy file,input data / phylogeny or taxonomy,phylogeny / taxonomy file links species through phylogeny or taxonomy. Tip labels/correlation-matrix names must match response column names exactly.,"Check dimensions, IDs, missing values, factor/numeric coercion and whether rows/columns match the response data before fitting.","Common mistake: uploading a table with an accidental ID column, mismatched row order or all-character numeric columns.",Copied to inputs/ and data/; summarized in diagnostics/data_check_messages.csv and standard/output_manifest.csv.,"Hmsc: record the setting when it affects fitting, output or interpretation."
Hmsc,hmsc_plotTree,checkboxInput,plotTree,input data / phylogeny or taxonomy,plotTree links species through phylogeny or taxonomy. Tip labels/correlation-matrix names must match response column names exactly.,"Check dimensions, IDs, missing values, factor/numeric coercion and whether rows/columns match the response data before fitting.","Common mistake: uploading a table with an accidental ID column, mismatched row order or all-character numeric columns.",Copied to inputs/ and data/; summarized in diagnostics/data_check_messages.csv and standard/output_manifest.csv.,"Hmsc: record the setting when it affects fitting, output or interpretation."
Hmsc,hmsc_plot_beta,checkboxInput,plotBeta,response family / likelihood,"plotBeta chooses how observations are linked to the latent ecological process. Binary, count, continuous, beta, ordinal and mixed-scale responses require different valid data ranges.","Check that response values satisfy the selected family: 0/1 for binary, non-negative integers for counts, continuous numeric values for Gaussian, valid bounded values for beta/ordinal settings.",Common mistake: allowing a model to run with a family that does not match the response scale.,"Recorded in used_config.yml and affects standard/run_summary.csv, fit_metrics.csv and predictions_long.csv.","Hmsc: record the setting when it affects fitting, output or interpretation."
Hmsc,hmsc_plot_gamma,checkboxInput,plotGamma,diagnostics / prediction / output selection,"plotGamma decides which fit, prediction, diagnostic or plotting artifacts are written. These outputs support review only when status files and standard tables are also present.","Check that the requested outputs are compatible with fitted status, response scale and available package functions.",Common mistake: comparing metrics produced on different response scales or validation folds.,"Controls diagnostics/, plots/, predictions/, results/, report/ and standard/*.csv artifacts.","Hmsc: record the setting when it affects fitting, output or interpretation."
Hmsc,hmsc_pool_chains,checkboxInput,pool_chains,MCMC / optimization / prior control,"pool_chains controls computation rather than the ecological data itself. Quick values are for smoke tests; real inference needs longer runs, convergence checks and documented priors.","Check chains, burn-in/transient, thinning, seed, parallel settings and diagnostics; quick-test values are not publication settings.",Common mistake: reporting quick-test MCMC output as if it were a converged publication analysis.,"Recorded in used_config.yml, reproducible_script/ and diagnostics/session_info.txt; affects model objects and convergence tables.",Reviewer note: state whether settings are quick-test or inferential and report convergence diagnostics.
Hmsc,hmsc_preset,selectInput,MCMC preset,MCMC / optimization / prior control,"MCMC preset controls computation rather than the ecological data itself. Quick values are for smoke tests; real inference needs longer runs, convergence checks and documented priors.","Check chains, burn-in/transient, thinning, seed, parallel settings and diagnostics; quick-test values are not publication settings.",Common mistake: reporting quick-test MCMC output as if it were a converged publication analysis.,"Recorded in used_config.yml, reproducible_script/ and diagnostics/session_info.txt; affects model objects and convergence tables.",Reviewer note: state whether settings are quick-test or inferential and report convergence diagnostics.
Hmsc,hmsc_ranLevelsUsed,textInput,ranLevelsUsed,general workflow setting,ranLevelsUsed modifies Hmsc workflow behaviour. Record it because GUI choices should be recoverable from used_config.yml and reproducible scripts.,Check that this setting is recorded in used_config.yml and that its meaning is documented in the report.,Common mistake: changing this setting without preserving it in the reproducible configuration.,Recorded in configuration and shown in reports when relevant.,"Hmsc: record the setting when it affects fitting, output or interpretation."
Hmsc,hmsc_random_N,synced_numeric_slider,N for N-only level,random effect / spatial / latent structure,"N for N-only level controls residual dependence, grouping, spatial covariance or latent factors. These parameters affect interpretation of associations and should not be treated as direct species interactions without caution.","Check grouping columns, coordinates, distance matrices, duplicated locations and whether the selected structure is identifiable for the data size.",Common mistake: interpreting residual association or latent factors as direct biological interaction.,"Recorded in used_config.yml and affects associations_long.csv, diagnostics, plots and model-specific random/spatial outputs.",Reviewer note: association parameters are engine-specific and should be labelled by scale and association_type.
Hmsc,hmsc_random_effect_column,textInput,Grouping column in studyDesign.csv,input data / auxiliary file,Grouping column in studyDesign.csv is an auxiliary input for Hmsc. It must use the same site/species identifiers as the primary response and predictor files.,"Check dimensions, IDs, missing values, factor/numeric coercion and whether rows/columns match the response data before fitting.","Common mistake: uploading a table with an accidental ID column, mismatched row order or all-character numeric columns.",Copied to inputs/ and data/; summarized in diagnostics/data_check_messages.csv and standard/output_manifest.csv.,"Hmsc: record the setting when it affects fitting, output or interpretation."
Hmsc,hmsc_random_level_type,selectInput,Advanced HmscRandomLevel type,random effect / spatial / latent structure,"Advanced HmscRandomLevel type controls residual dependence, grouping, spatial covariance or latent factors. These parameters affect interpretation of associations and should not be treated as direct species interactions without caution.","Check grouping columns, coordinates, distance matrices, duplicated locations and whether the selected structure is identifiable for the data size.",Common mistake: interpreting residual association or latent factors as direct biological interaction.,"Recorded in used_config.yml and affects associations_long.csv, diagnostics, plots and model-specific random/spatial outputs.",Reviewer note: association parameters are engine-specific and should be labelled by scale and association_type.
Hmsc,hmsc_random_mode,selectInput,Step 1 - Random level design,random effect / spatial / latent structure,"Step 1 - Random level design controls residual dependence, grouping, spatial covariance or latent factors. These parameters affect interpretation of associations and should not be treated as direct species interactions without caution.","Check grouping columns, coordinates, distance matrices, duplicated locations and whether the selected structure is identifiable for the data size.",Common mistake: interpreting residual association or latent factors as direct biological interaction.,"Recorded in used_config.yml and affects associations_long.csv, diagnostics, plots and model-specific random/spatial outputs.",Reviewer note: association parameters are engine-specific and should be labelled by scale and association_type.
Hmsc,hmsc_real_fit,checkboxInput,Run real HMSC S1-S7 results workflow,diagnostics / prediction / output selection,"Run real HMSC S1-S7 results workflow decides which fit, prediction, diagnostic or plotting artifacts are written. These outputs support review only when status files and standard tables are also present.","Check that the requested outputs are compatible with fitted status, response scale and available package functions.",Common mistake: comparing metrics produced on different response scales or validation folds.,"Controls diagnostics/, plots/, predictions/, results/, report/ and standard/*.csv artifacts.","Hmsc: record the setting when it affects fitting, output or interpretation."
Hmsc,hmsc_run,actionButton,Run HMSC workflow,workflow action / reproducibility output,"Run HMSC workflow triggers checking, fitting, comparison or export. It should leave a clear status, diagnostics and real downloadable files rather than silent or empty placeholders.","Check that the action writes engine_status.json, standard tables, reports, scripts and a non-empty ZIP when applicable.","Common mistake: accepting Completed, empty ZIP or missing diagnostics as a successful run.","Controls workflow status, output folder creation, downloadable ZIPs and reports.","Hmsc: record the setting when it affects fitting, output or interpretation."
Hmsc,hmsc_sKnot_file,textInput,sKnot / knots file name,input data / auxiliary file,sKnot / knots file name is an auxiliary input for Hmsc. It must use the same site/species identifiers as the primary response and predictor files.,"Check dimensions, IDs, missing values, factor/numeric coercion and whether rows/columns match the response data before fitting.","Common mistake: uploading a table with an accidental ID column, mismatched row order or all-character numeric columns.",Copied to inputs/ and data/; summarized in diagnostics/data_check_messages.csv and standard/output_manifest.csv.,"Hmsc: record the setting when it affects fitting, output or interpretation."
Hmsc,hmsc_sMethod,selectInput,Advanced sMethod,general workflow setting,Advanced sMethod modifies Hmsc workflow behaviour. Record it because GUI choices should be recoverable from used_config.yml and reproducible scripts.,Check that this setting is recorded in used_config.yml and that its meaning is documented in the report.,Common mistake: changing this setting without preserving it in the reproducible configuration.,Recorded in configuration and shown in reports when relevant.,"Hmsc: record the setting when it affects fitting, output or interpretation."
Hmsc,hmsc_sample_prior,checkboxInput,sample_prior,MCMC / optimization / prior control,"sample_prior controls computation rather than the ecological data itself. Quick values are for smoke tests; real inference needs longer runs, convergence checks and documented priors.","Check chains, burn-in/transient, thinning, seed, parallel settings and diagnostics; quick-test values are not publication settings.",Common mistake: reporting quick-test MCMC output as if it were a converged publication analysis.,"Recorded in used_config.yml, reproducible_script/ and diagnostics/session_info.txt; affects model objects and convergence tables.",Reviewer note: state whether settings are quick-test or inferential and report convergence diagnostics.
Hmsc,hmsc_samples,synced_numeric_slider,samples,MCMC / optimization / prior control,"samples controls computation rather than the ecological data itself. Quick values are for smoke tests; real inference needs longer runs, convergence checks and documented priors.","Check chains, burn-in/transient, thinning, seed, parallel settings and diagnostics; quick-test values are not publication settings.",Common mistake: reporting quick-test MCMC output as if it were a converged publication analysis.,"Recorded in used_config.yml, reproducible_script/ and diagnostics/session_info.txt; affects model objects and convergence tables.",Reviewer note: state whether settings are quick-test or inferential and report convergence diagnostics.
Hmsc,hmsc_save_model,checkboxInput,Save model object,general workflow setting,Save model object modifies Hmsc workflow behaviour. Record it because GUI choices should be recoverable from used_config.yml and reproducible scripts.,Check that this setting is recorded in used_config.yml and that its meaning is documented in the report.,Common mistake: changing this setting without preserving it in the reproducible configuration.,Recorded in configuration and shown in reports when relevant.,"Hmsc: record the setting when it affects fitting, output or interpretation."
Hmsc,hmsc_seed,synced_numeric_slider,seed,MCMC / optimization / prior control,"seed controls computation rather than the ecological data itself. Quick values are for smoke tests; real inference needs longer runs, convergence checks and documented priors.","Check chains, burn-in/transient, thinning, seed, parallel settings and diagnostics; quick-test values are not publication settings.",Common mistake: reporting quick-test MCMC output as if it were a converged publication analysis.,"Recorded in used_config.yml, reproducible_script/ and diagnostics/session_info.txt; affects model objects and convergence tables.",Reviewer note: state whether settings are quick-test or inferential and report convergence diagnostics.
Hmsc,hmsc_show_sp_names_beta,checkboxInput,Show species names in Beta plots,response family / likelihood,"Show species names in Beta plots chooses how observations are linked to the latent ecological process. Binary, count, continuous, beta, ordinal and mixed-scale responses require different valid data ranges.","Check that response values satisfy the selected family: 0/1 for binary, non-negative integers for counts, continuous numeric values for Gaussian, valid bounded values for beta/ordinal settings.",Common mistake: allowing a model to run with a family that does not match the response scale.,"Recorded in used_config.yml and affects standard/run_summary.csv, fit_metrics.csv and predictions_long.csv.","Hmsc: record the setting when it affects fitting, output or interpretation."
Hmsc,hmsc_show_sp_names_omega,checkboxInput,Show species names in Omega,random effect / spatial / latent structure,"Show species names in Omega controls residual dependence, grouping, spatial covariance or latent factors. These parameters affect interpretation of associations and should not be treated as direct species interactions without caution.","Check grouping columns, coordinates, distance matrices, duplicated locations and whether the selected structure is identifiable for the data size.",Common mistake: interpreting residual association or latent factors as direct biological interaction.,"Recorded in used_config.yml and affects associations_long.csv, diagnostics, plots and model-specific random/spatial outputs.",Reviewer note: association parameters are engine-specific and should be labelled by scale and association_type.
Hmsc,hmsc_spatial_method,selectInput,Legacy spatial method override,random effect / spatial / latent structure,"Legacy spatial method override controls residual dependence, grouping, spatial covariance or latent factors. These parameters affect interpretation of associations and should not be treated as direct species interactions without caution.","Check grouping columns, coordinates, distance matrices, duplicated locations and whether the selected structure is identifiable for the data size.",Common mistake: interpreting residual association or latent factors as direct biological interaction.,"Recorded in used_config.yml and affects associations_long.csv, diagnostics, plots and model-specific random/spatial outputs.",Reviewer note: association parameters are engine-specific and should be labelled by scale and association_type.
Hmsc,hmsc_species_list,textInput,species.list,project metadata / guidance,species.list records the scientific context and helps recommendation logic. It guides interpretation but does not replace formal data checks or model diagnostics.,Check that this setting is recorded in used_config.yml and that its meaning is documented in the report.,Common mistake: changing this setting without preserving it in the reproducible configuration.,Recorded in configuration and shown in reports when relevant.,"Hmsc: record the setting when it affects fitting, output or interpretation."
Hmsc,hmsc_study_file,fileInput,studyDesign.csv  - grouping / random-effect design,input data / auxiliary file,studyDesign.csv  - grouping / random-effect design is an auxiliary input for Hmsc. It must use the same site/species identifiers as the primary response and predictor files.,"Check dimensions, IDs, missing values, factor/numeric coercion and whether rows/columns match the response data before fitting.","Common mistake: uploading a table with an accidental ID column, mismatched row order or all-character numeric columns.",Copied to inputs/ and data/; summarized in diagnostics/data_check_messages.csv and standard/output_manifest.csv.,"Hmsc: record the setting when it affects fitting, output or interpretation."
Hmsc,hmsc_thin,synced_numeric_slider,thin,MCMC / optimization / prior control,"thin controls computation rather than the ecological data itself. Quick values are for smoke tests; real inference needs longer runs, convergence checks and documented priors.","Check chains, burn-in/transient, thinning, seed, parallel settings and diagnostics; quick-test values are not publication settings.",Common mistake: reporting quick-test MCMC output as if it were a converged publication analysis.,"Recorded in used_config.yml, reproducible_script/ and diagnostics/session_info.txt; affects model objects and convergence tables.",Reviewer note: state whether settings are quick-test or inferential and report convergence diagnostics.
Hmsc,hmsc_trait_list,textInput,trait.list,general workflow setting,trait.list modifies Hmsc workflow behaviour. Record it because GUI choices should be recoverable from used_config.yml and reproducible scripts.,Check that this setting is recorded in used_config.yml and that its meaning is documented in the report.,Common mistake: changing this setting without preserving it in the reproducible configuration.,Recorded in configuration and shown in reports when relevant.,"Hmsc: record the setting when it affects fitting, output or interpretation."
Hmsc,hmsc_transient,synced_numeric_slider,transient,MCMC / optimization / prior control,"transient controls computation rather than the ecological data itself. Quick values are for smoke tests; real inference needs longer runs, convergence checks and documented priors.","Check chains, burn-in/transient, thinning, seed, parallel settings and diagnostics; quick-test values are not publication settings.",Common mistake: reporting quick-test MCMC output as if it were a converged publication analysis.,"Recorded in used_config.yml, reproducible_script/ and diagnostics/session_info.txt; affects model objects and convergence tables.",Reviewer note: state whether settings are quick-test or inferential and report convergence diagnostics.
Hmsc,hmsc_truncateNumberOfFactors,checkboxInput,truncateNumberOfFactors,random effect / spatial / latent structure,"truncateNumberOfFactors controls residual dependence, grouping, spatial covariance or latent factors. These parameters affect interpretation of associations and should not be treated as direct species interactions without caution.","Check grouping columns, coordinates, distance matrices, duplicated locations and whether the selected structure is identifiable for the data size.",Common mistake: interpreting residual association or latent factors as direct biological interaction.,"Recorded in used_config.yml and affects associations_long.csv, diagnostics, plots and model-specific random/spatial outputs.",Reviewer note: association parameters are engine-specific and should be labelled by scale and association_type.
Hmsc,hmsc_units_column,textInput,Advanced units column mirror,general workflow setting,Advanced units column mirror modifies Hmsc workflow behaviour. Record it because GUI choices should be recoverable from used_config.yml and reproducible scripts.,Check that this setting is recorded in used_config.yml and that its meaning is documented in the report.,Common mistake: changing this setting without preserving it in the reproducible configuration.,Recorded in configuration and shown in reports when relevant.,"Hmsc: record the setting when it affects fitting, output or interpretation."
Hmsc,hmsc_updater_Beta,checkboxInput,updater$Beta,response family / likelihood,"updater$Beta chooses how observations are linked to the latent ecological process. Binary, count, continuous, beta, ordinal and mixed-scale responses require different valid data ranges.","Check that response values satisfy the selected family: 0/1 for binary, non-negative integers for counts, continuous numeric values for Gaussian, valid bounded values for beta/ordinal settings.",Common mistake: allowing a model to run with a family that does not match the response scale.,"Recorded in used_config.yml and affects standard/run_summary.csv, fit_metrics.csv and predictions_long.csv.","Hmsc: record the setting when it affects fitting, output or interpretation."
Hmsc,hmsc_updater_Gamma,checkboxInput,updater$Gamma,MCMC / optimization / prior control,"updater$Gamma controls computation rather than the ecological data itself. Quick values are for smoke tests; real inference needs longer runs, convergence checks and documented priors.","Check chains, burn-in/transient, thinning, seed, parallel settings and diagnostics; quick-test values are not publication settings.",Common mistake: reporting quick-test MCMC output as if it were a converged publication analysis.,"Recorded in used_config.yml, reproducible_script/ and diagnostics/session_info.txt; affects model objects and convergence tables.",Reviewer note: state whether settings are quick-test or inferential and report convergence diagnostics.
Hmsc,hmsc_updater_GammaEta,checkboxInput,updater$GammaEta,MCMC / optimization / prior control,"updater$GammaEta controls computation rather than the ecological data itself. Quick values are for smoke tests; real inference needs longer runs, convergence checks and documented priors.","Check chains, burn-in/transient, thinning, seed, parallel settings and diagnostics; quick-test values are not publication settings.",Common mistake: reporting quick-test MCMC output as if it were a converged publication analysis.,"Recorded in used_config.yml, reproducible_script/ and diagnostics/session_info.txt; affects model objects and convergence tables.",Reviewer note: state whether settings are quick-test or inferential and report convergence diagnostics.
Hmsc,hmsc_updater_Omega,checkboxInput,updater$Omega,random effect / spatial / latent structure,"updater$Omega controls residual dependence, grouping, spatial covariance or latent factors. These parameters affect interpretation of associations and should not be treated as direct species interactions without caution.","Check grouping columns, coordinates, distance matrices, duplicated locations and whether the selected structure is identifiable for the data size.",Common mistake: interpreting residual association or latent factors as direct biological interaction.,"Recorded in used_config.yml and affects associations_long.csv, diagnostics, plots and model-specific random/spatial outputs.",Reviewer note: association parameters are engine-specific and should be labelled by scale and association_type.
Hmsc,hmsc_use_XRRR,checkboxInput,Use XRRR reduced-rank regression,general workflow setting,Use XRRR reduced-rank regression modifies Hmsc workflow behaviour. Record it because GUI choices should be recoverable from used_config.yml and reproducible scripts.,Check that this setting is recorded in used_config.yml and that its meaning is documented in the report.,Common mistake: changing this setting without preserving it in the reproducible configuration.,Recorded in configuration and shown in reports when relevant.,"Hmsc: record the setting when it affects fitting, output or interpretation."
Hmsc,hmsc_use_default_priors,checkboxInput,Use HMSC default priors,MCMC / optimization / prior control,"Use HMSC default priors controls computation rather than the ecological data itself. Quick values are for smoke tests; real inference needs longer runs, convergence checks and documented priors.","Check chains, burn-in/transient, thinning, seed, parallel settings and diagnostics; quick-test values are not publication settings.",Common mistake: reporting quick-test MCMC output as if it were a converged publication analysis.,"Recorded in used_config.yml, reproducible_script/ and diagnostics/session_info.txt; affects model objects and convergence tables.",Reviewer note: state whether settings are quick-test or inferential and report convergence diagnostics.
Hmsc,hmsc_use_phylogeny,checkboxInput,Use phylogeny / taxonomy,input data / phylogeny or taxonomy,Use phylogeny / taxonomy links species through phylogeny or taxonomy. Tip labels/correlation-matrix names must match response column names exactly.,"Check dimensions, IDs, missing values, factor/numeric coercion and whether rows/columns match the response data before fitting.","Common mistake: uploading a table with an accidental ID column, mismatched row order or all-character numeric columns.",Copied to inputs/ and data/; summarized in diagnostics/data_check_messages.csv and standard/output_manifest.csv.,"Hmsc: record the setting when it affects fitting, output or interpretation."
Hmsc,hmsc_use_traits,checkboxInput,Use TrData / traits,input data / species traits,Use TrData / traits supplies species-level attributes. Trait rows must match response species names exactly before trait-mediated effects are interpreted.,"Check dimensions, IDs, missing values, factor/numeric coercion and whether rows/columns match the response data before fitting.","Common mistake: uploading a table with an accidental ID column, mismatched row order or all-character numeric columns.",Copied to inputs/ and data/; summarized in diagnostics/data_check_messages.csv and standard/output_manifest.csv.,"Hmsc: record the setting when it affects fitting, output or interpretation."
Hmsc,hmsc_varpart_order_explained,checkboxInput,VP order explained,general workflow setting,VP order explained modifies Hmsc workflow behaviour. Record it because GUI choices should be recoverable from used_config.yml and reproducible scripts.,Check that this setting is recorded in used_config.yml and that its meaning is documented in the report.,Common mistake: changing this setting without preserving it in the reproducible configuration.,Recorded in configuration and shown in reports when relevant.,"Hmsc: record the setting when it affects fitting, output or interpretation."
Hmsc,hmsc_varpart_order_raw,checkboxInput,VP order raw,general workflow setting,VP order raw modifies Hmsc workflow behaviour. Record it because GUI choices should be recoverable from used_config.yml and reproducible scripts.,Check that this setting is recorded in used_config.yml and that its meaning is documented in the report.,Common mistake: changing this setting without preserving it in the reproducible configuration.,Recorded in configuration and shown in reports when relevant.,"Hmsc: record the setting when it affects fitting, output or interpretation."
Hmsc,hmsc_verbose,synced_numeric_slider,verbose,MCMC / optimization / prior control,"verbose controls computation rather than the ecological data itself. Quick values are for smoke tests; real inference needs longer runs, convergence checks and documented priors.","Check chains, burn-in/transient, thinning, seed, parallel settings and diagnostics; quick-test values are not publication settings.",Common mistake: reporting quick-test MCMC output as if it were a converged publication analysis.,"Recorded in used_config.yml, reproducible_script/ and diagnostics/session_info.txt; affects model objects and convergence tables.",Reviewer note: state whether settings are quick-test or inferential and report convergence diagnostics.
Hmsc,hmsc_xData_file,textInput,random-level xData file name,input data / environmental predictors,"random-level xData file name supplies site-level covariates. Rows must align with the response data, numeric-looking columns should be numeric, and intended categorical predictors should be handled as factors.","Check dimensions, IDs, missing values, factor/numeric coercion and whether rows/columns match the response data before fitting.","Common mistake: uploading a table with an accidental ID column, mismatched row order or all-character numeric columns.",Copied to inputs/ and data/; summarized in diagnostics/data_check_messages.csv and standard/output_manifest.csv.,"Hmsc: record the setting when it affects fitting, output or interpretation."
Hmsc-HPC,hmschpc_XFormula,textInput,X formula,model formula / covariate design,X formula controls which predictors enter the model. Every variable named in the formula must exist in the corresponding data table after cleaning and factor conversion.,"Check that every formula variable exists, has variation and is encoded as intended after categorical conversion.","Common mistake: using ~ . without noticing unsuitable ID, coordinate or leakage columns.","Recorded in used_config.yml and affects effects_long.csv, effects_species_environment.csv and model-specific coefficient tables.","Hmsc-HPC: record the setting when it affects fitting, output or interpretation."
Hmsc-HPC,hmschpc_X_file,fileInput,XData.csv - environmental predictors,input data / environmental predictors,"XData.csv - environmental predictors supplies site-level covariates. Rows must align with the response data, numeric-looking columns should be numeric, and intended categorical predictors should be handled as factors.","Check dimensions, IDs, missing values, factor/numeric coercion and whether rows/columns match the response data before fitting.","Common mistake: uploading a table with an accidental ID column, mismatched row order or all-character numeric columns.",Copied to inputs/ and data/; summarized in diagnostics/data_check_messages.csv and standard/output_manifest.csv.,"Hmsc-HPC: record the setting when it affects fitting, output or interpretation."
Hmsc-HPC,hmschpc_Y_file,fileInput,Y.csv - response matrix,input data / response matrix,Y.csv - response matrix defines the observed ecological response for Hmsc-HPC. Rows should be sampling units and columns should be species/responses unless the workflow explicitly uses long or detection-array input.,"Check dimensions, IDs, missing values, factor/numeric coercion and whether rows/columns match the response data before fitting.","Common mistake: uploading a table with an accidental ID column, mismatched row order or all-character numeric columns.",Copied to inputs/ and data/; summarized in diagnostics/data_check_messages.csv and standard/output_manifest.csv.,"Hmsc-HPC: record the setting when it affects fitting, output or interpretation."
Hmsc-HPC,hmschpc_alpha,numericInput,spatial alpha,random effect / spatial / latent structure,"spatial alpha controls residual dependence, grouping, spatial covariance or latent factors. These parameters affect interpretation of associations and should not be treated as direct species interactions without caution.","Check grouping columns, coordinates, distance matrices, duplicated locations and whether the selected structure is identifiable for the data size.",Common mistake: interpreting residual association or latent factors as direct biological interaction.,"Recorded in used_config.yml and affects associations_long.csv, diagnostics, plots and model-specific random/spatial outputs.",Reviewer note: association parameters are engine-specific and should be labelled by scale and association_type.
Hmsc-HPC,hmschpc_chains,synced_numeric_slider,chains,MCMC / optimization / prior control,"chains controls computation rather than the ecological data itself. Quick values are for smoke tests; real inference needs longer runs, convergence checks and documented priors.","Check chains, burn-in/transient, thinning, seed, parallel settings and diagnostics; quick-test values are not publication settings.",Common mistake: reporting quick-test MCMC output as if it were a converged publication analysis.,"Recorded in used_config.yml, reproducible_script/ and diagnostics/session_info.txt; affects model objects and convergence tables.",Reviewer note: state whether settings are quick-test or inferential and report convergence diagnostics.
Hmsc-HPC,hmschpc_chains_to_run,textInput,chains to run,MCMC / optimization / prior control,"chains to run controls computation rather than the ecological data itself. Quick values are for smoke tests; real inference needs longer runs, convergence checks and documented priors.","Check chains, burn-in/transient, thinning, seed, parallel settings and diagnostics; quick-test values are not publication settings.",Common mistake: reporting quick-test MCMC output as if it were a converged publication analysis.,"Recorded in used_config.yml, reproducible_script/ and diagnostics/session_info.txt; affects model objects and convergence tables.",Reviewer note: state whether settings are quick-test or inferential and report convergence diagnostics.
Hmsc-HPC,hmschpc_check,actionButton,Check Hmsc-HPC data,workflow action / reproducibility output,"Check Hmsc-HPC data triggers checking, fitting, comparison or export. It should leave a clear status, diagnostics and real downloadable files rather than silent or empty placeholders.","Check that the action writes engine_status.json, standard tables, reports, scripts and a non-empty ZIP when applicable.","Common mistake: accepting Completed, empty ZIP or missing diagnostics as a successful run.","Controls workflow status, output folder creation, downloadable ZIPs and reports.","Hmsc-HPC: record the setting when it affects fitting, output or interpretation."
Hmsc-HPC,hmschpc_coord_file,fileInput,coordinates.csv - spatial coordinates,input data / spatial structure,"coordinates.csv - spatial coordinates defines spatial coordinates, grouping or distance information. Use it only with spatial/random-effect settings that require the same site order as the response matrix.","Check dimensions, IDs, missing values, factor/numeric coercion and whether rows/columns match the response data before fitting.","Common mistake: uploading a table with an accidental ID column, mismatched row order or all-character numeric columns.",Copied to inputs/ and data/; summarized in diagnostics/data_check_messages.csv and standard/output_manifest.csv.,"Hmsc-HPC: record the setting when it affects fitting, output or interpretation."
Hmsc-HPC,hmschpc_coord_x,textInput,x coordinate column,random effect / spatial / latent structure,"x coordinate column controls residual dependence, grouping, spatial covariance or latent factors. These parameters affect interpretation of associations and should not be treated as direct species interactions without caution.","Check grouping columns, coordinates, distance matrices, duplicated locations and whether the selected structure is identifiable for the data size.",Common mistake: interpreting residual association or latent factors as direct biological interaction.,"Recorded in used_config.yml and affects associations_long.csv, diagnostics, plots and model-specific random/spatial outputs.",Reviewer note: association parameters are engine-specific and should be labelled by scale and association_type.
Hmsc-HPC,hmschpc_coord_y,textInput,y coordinate column,random effect / spatial / latent structure,"y coordinate column controls residual dependence, grouping, spatial covariance or latent factors. These parameters affect interpretation of associations and should not be treated as direct species interactions without caution.","Check grouping columns, coordinates, distance matrices, duplicated locations and whether the selected structure is identifiable for the data size.",Common mistake: interpreting residual association or latent factors as direct biological interaction.,"Recorded in used_config.yml and affects associations_long.csv, diagnostics, plots and model-specific random/spatial outputs.",Reviewer note: association parameters are engine-specific and should be labelled by scale and association_type.
Hmsc-HPC,hmschpc_distribution,selectInput,distribution,response family / likelihood,"distribution chooses how observations are linked to the latent ecological process. Binary, count, continuous, beta, ordinal and mixed-scale responses require different valid data ranges.","Check that response values satisfy the selected family: 0/1 for binary, non-negative integers for counts, continuous numeric values for Gaussian, valid bounded values for beta/ordinal settings.",Common mistake: allowing a model to run with a family that does not match the response scale.,"Recorded in used_config.yml and affects standard/run_summary.csv, fit_metrics.csv and predictions_long.csv.","Hmsc-HPC: record the setting when it affects fitting, output or interpretation."
Hmsc-HPC,hmschpc_download,downloadButton,Download Hmsc-HPC ZIP,workflow action / reproducibility output,"Download Hmsc-HPC ZIP triggers checking, fitting, comparison or export. It should leave a clear status, diagnostics and real downloadable files rather than silent or empty placeholders.","Check that the action writes engine_status.json, standard tables, reports, scripts and a non-empty ZIP when applicable.","Common mistake: accepting Completed, empty ZIP or missing diagnostics as a successful run.","Controls workflow status, output folder creation, downloadable ZIPs and reports.","Hmsc-HPC: record the setting when it affects fitting, output or interpretation."
Hmsc-HPC,hmschpc_eager,checkboxInput,TensorFlow eager,general workflow setting,TensorFlow eager modifies Hmsc-HPC workflow behaviour. Record it because GUI choices should be recoverable from used_config.yml and reproducible scripts.,Check that this setting is recorded in used_config.yml and that its meaning is documented in the report.,Common mistake: changing this setting without preserving it in the reproducible configuration.,Recorded in configuration and shown in reports when relevant.,"Hmsc-HPC: record the setting when it affects fitting, output or interpretation."
Hmsc-HPC,hmschpc_hmcleapfrog,synced_numeric_slider,hmcleapfrog,general workflow setting,hmcleapfrog modifies Hmsc-HPC workflow behaviour. Record it because GUI choices should be recoverable from used_config.yml and reproducible scripts.,Check that this setting is recorded in used_config.yml and that its meaning is documented in the report.,Common mistake: changing this setting without preserving it in the reproducible configuration.,Recorded in configuration and shown in reports when relevant.,"Hmsc-HPC: record the setting when it affects fitting, output or interpretation."
Hmsc-HPC,hmschpc_hmcthin,synced_numeric_slider,hmcthin,MCMC / optimization / prior control,"hmcthin controls computation rather than the ecological data itself. Quick values are for smoke tests; real inference needs longer runs, convergence checks and documented priors.","Check chains, burn-in/transient, thinning, seed, parallel settings and diagnostics; quick-test values are not publication settings.",Common mistake: reporting quick-test MCMC output as if it were a converged publication analysis.,"Recorded in used_config.yml, reproducible_script/ and diagnostics/session_info.txt; affects model objects and convergence tables.",Reviewer note: state whether settings are quick-test or inferential and report convergence diagnostics.
Hmsc-HPC,hmschpc_newdata_file,fileInput,newdata.csv - prediction covariates,input data / environmental predictors,"newdata.csv - prediction covariates supplies site-level covariates. Rows must align with the response data, numeric-looking columns should be numeric, and intended categorical predictors should be handled as factors.","Check dimensions, IDs, missing values, factor/numeric coercion and whether rows/columns match the response data before fitting.","Common mistake: uploading a table with an accidental ID column, mismatched row order or all-character numeric columns.",Copied to inputs/ and data/; summarized in diagnostics/data_check_messages.csv and standard/output_manifest.csv.,"Hmsc-HPC: record the setting when it affects fitting, output or interpretation."
Hmsc-HPC,hmschpc_nf,synced_numeric_slider,nf latent factors,random effect / spatial / latent structure,"nf latent factors controls residual dependence, grouping, spatial covariance or latent factors. These parameters affect interpretation of associations and should not be treated as direct species interactions without caution.","Check grouping columns, coordinates, distance matrices, duplicated locations and whether the selected structure is identifiable for the data size.",Common mistake: interpreting residual association or latent factors as direct biological interaction.,"Recorded in used_config.yml and affects associations_long.csv, diagnostics, plots and model-specific random/spatial outputs.",Reviewer note: association parameters are engine-specific and should be labelled by scale and association_type.
Hmsc-HPC,hmschpc_nfMax,synced_numeric_slider,nfMax,general workflow setting,nfMax modifies Hmsc-HPC workflow behaviour. Record it because GUI choices should be recoverable from used_config.yml and reproducible scripts.,Check that this setting is recorded in used_config.yml and that its meaning is documented in the report.,Common mistake: changing this setting without preserving it in the reproducible configuration.,Recorded in configuration and shown in reports when relevant.,"Hmsc-HPC: record the setting when it affects fitting, output or interpretation."
Hmsc-HPC,hmschpc_nfMin,synced_numeric_slider,nfMin,general workflow setting,nfMin modifies Hmsc-HPC workflow behaviour. Record it because GUI choices should be recoverable from used_config.yml and reproducible scripts.,Check that this setting is recorded in used_config.yml and that its meaning is documented in the report.,Common mistake: changing this setting without preserving it in the reproducible configuration.,Recorded in configuration and shown in reports when relevant.,"Hmsc-HPC: record the setting when it affects fitting, output or interpretation."
Hmsc-HPC,hmschpc_out_diagnostics,checkboxInput,Diagnostics,diagnostics / prediction / output selection,"Diagnostics decides which fit, prediction, diagnostic or plotting artifacts are written. These outputs support review only when status files and standard tables are also present.","Check that the requested outputs are compatible with fitted status, response scale and available package functions.",Common mistake: comparing metrics produced on different response scales or validation folds.,"Controls diagnostics/, plots/, predictions/, results/, report/ and standard/*.csv artifacts.","Hmsc-HPC: record the setting when it affects fitting, output or interpretation."
Hmsc-HPC,hmschpc_out_plots,checkboxInput,Plots,diagnostics / prediction / output selection,"Plots decides which fit, prediction, diagnostic or plotting artifacts are written. These outputs support review only when status files and standard tables are also present.","Check that the requested outputs are compatible with fitted status, response scale and available package functions.",Common mistake: comparing metrics produced on different response scales or validation folds.,"Controls diagnostics/, plots/, predictions/, results/, report/ and standard/*.csv artifacts.","Hmsc-HPC: record the setting when it affects fitting, output or interpretation."
Hmsc-HPC,hmschpc_out_predictions,checkboxInput,Predictions,diagnostics / prediction / output selection,"Predictions decides which fit, prediction, diagnostic or plotting artifacts are written. These outputs support review only when status files and standard tables are also present.","Check that the requested outputs are compatible with fitted status, response scale and available package functions.",Common mistake: comparing metrics produced on different response scales or validation folds.,"Controls diagnostics/, plots/, predictions/, results/, report/ and standard/*.csv artifacts.","Hmsc-HPC: record the setting when it affects fitting, output or interpretation."
Hmsc-HPC,hmschpc_out_zip,checkboxInput,Create ZIP,workflow action / reproducibility output,"Create ZIP triggers checking, fitting, comparison or export. It should leave a clear status, diagnostics and real downloadable files rather than silent or empty placeholders.","Check that the action writes engine_status.json, standard tables, reports, scripts and a non-empty ZIP when applicable.","Common mistake: accepting Completed, empty ZIP or missing diagnostics as a successful run.","Controls workflow status, output folder creation, downloadable ZIPs and reports.","Hmsc-HPC: record the setting when it affects fitting, output or interpretation."
Hmsc-HPC,hmschpc_phylo_cov_file,fileInput,phylo_cov.csv - phylogenetic covariance,input data / phylogeny or taxonomy,phylo_cov.csv - phylogenetic covariance links species through phylogeny or taxonomy. Tip labels/correlation-matrix names must match response column names exactly.,"Check dimensions, IDs, missing values, factor/numeric coercion and whether rows/columns match the response data before fitting.","Common mistake: uploading a table with an accidental ID column, mismatched row order or all-character numeric columns.",Copied to inputs/ and data/; summarized in diagnostics/data_check_messages.csv and standard/output_manifest.csv.,"Hmsc-HPC: record the setting when it affects fitting, output or interpretation."
Hmsc-HPC,hmschpc_phylo_tree_file,fileInput,phylo_tree.nwk - Newick phylogeny,input data / phylogeny or taxonomy,phylo_tree.nwk - Newick phylogeny links species through phylogeny or taxonomy. Tip labels/correlation-matrix names must match response column names exactly.,"Check dimensions, IDs, missing values, factor/numeric coercion and whether rows/columns match the response data before fitting.","Common mistake: uploading a table with an accidental ID column, mismatched row order or all-character numeric columns.",Copied to inputs/ and data/; summarized in diagnostics/data_check_messages.csv and standard/output_manifest.csv.,"Hmsc-HPC: record the setting when it affects fitting, output or interpretation."
Hmsc-HPC,hmschpc_phylogeny_mode,selectInput,Phylogeny mode,input data / phylogeny or taxonomy,Phylogeny mode links species through phylogeny or taxonomy. Tip labels/correlation-matrix names must match response column names exactly.,"Check dimensions, IDs, missing values, factor/numeric coercion and whether rows/columns match the response data before fitting.","Common mistake: uploading a table with an accidental ID column, mismatched row order or all-character numeric columns.",Copied to inputs/ and data/; summarized in diagnostics/data_check_messages.csv and standard/output_manifest.csv.,"Hmsc-HPC: record the setting when it affects fitting, output or interpretation."
Hmsc-HPC,hmschpc_precision,selectInput,floating precision,general workflow setting,floating precision modifies Hmsc-HPC workflow behaviour. Record it because GUI choices should be recoverable from used_config.yml and reproducible scripts.,Check that this setting is recorded in used_config.yml and that its meaning is documented in the report.,Common mistake: changing this setting without preserving it in the reproducible configuration.,Recorded in configuration and shown in reports when relevant.,"Hmsc-HPC: record the setting when it affects fitting, output or interpretation."
Hmsc-HPC,hmschpc_profile,checkboxInput,TensorFlow profile,input data / auxiliary file,TensorFlow profile is an auxiliary input for Hmsc-HPC. It must use the same site/species identifiers as the primary response and predictor files.,"Check dimensions, IDs, missing values, factor/numeric coercion and whether rows/columns match the response data before fitting.","Common mistake: uploading a table with an accidental ID column, mismatched row order or all-character numeric columns.",Copied to inputs/ and data/; summarized in diagnostics/data_check_messages.csv and standard/output_manifest.csv.,"Hmsc-HPC: record the setting when it affects fitting, output or interpretation."
Hmsc-HPC,hmschpc_python,textInput,Python executable,general workflow setting,Python executable modifies Hmsc-HPC workflow behaviour. Record it because GUI choices should be recoverable from used_config.yml and reproducible scripts.,Check that this setting is recorded in used_config.yml and that its meaning is documented in the report.,Common mistake: changing this setting without preserving it in the reproducible configuration.,Recorded in configuration and shown in reports when relevant.,"Hmsc-HPC: record the setting when it affects fitting, output or interpretation."
Hmsc-HPC,hmschpc_python_source,textInput,Hmsc-HPC source directory,general workflow setting,Hmsc-HPC source directory modifies Hmsc-HPC workflow behaviour. Record it because GUI choices should be recoverable from used_config.yml and reproducible scripts.,Check that this setting is recorded in used_config.yml and that its meaning is documented in the report.,Common mistake: changing this setting without preserving it in the reproducible configuration.,Recorded in configuration and shown in reports when relevant.,"Hmsc-HPC: record the setting when it affects fitting, output or interpretation."
Hmsc-HPC,hmschpc_random_column,textInput,Grouping column,random effect / spatial / latent structure,"Grouping column controls residual dependence, grouping, spatial covariance or latent factors. These parameters affect interpretation of associations and should not be treated as direct species interactions without caution.","Check grouping columns, coordinates, distance matrices, duplicated locations and whether the selected structure is identifiable for the data size.",Common mistake: interpreting residual association or latent factors as direct biological interaction.,"Recorded in used_config.yml and affects associations_long.csv, diagnostics, plots and model-specific random/spatial outputs.",Reviewer note: association parameters are engine-specific and should be labelled by scale and association_type.
Hmsc-HPC,hmschpc_random_mode,selectInput,Random level design,random effect / spatial / latent structure,"Random level design controls residual dependence, grouping, spatial covariance or latent factors. These parameters affect interpretation of associations and should not be treated as direct species interactions without caution.","Check grouping columns, coordinates, distance matrices, duplicated locations and whether the selected structure is identifiable for the data size.",Common mistake: interpreting residual association or latent factors as direct biological interaction.,"Recorded in used_config.yml and affects associations_long.csv, diagnostics, plots and model-specific random/spatial outputs.",Reviewer note: association parameters are engine-specific and should be labelled by scale and association_type.
Hmsc-HPC,hmschpc_random_name,textInput,Random level name,random effect / spatial / latent structure,"Random level name controls residual dependence, grouping, spatial covariance or latent factors. These parameters affect interpretation of associations and should not be treated as direct species interactions without caution.","Check grouping columns, coordinates, distance matrices, duplicated locations and whether the selected structure is identifiable for the data size.",Common mistake: interpreting residual association or latent factors as direct biological interaction.,"Recorded in used_config.yml and affects associations_long.csv, diagnostics, plots and model-specific random/spatial outputs.",Reviewer note: association parameters are engine-specific and should be labelled by scale and association_type.
Hmsc-HPC,hmschpc_random_slope_formula,textInput,random slope x_formula,model formula / covariate design,random slope x_formula controls which predictors enter the model. Every variable named in the formula must exist in the corresponding data table after cleaning and factor conversion.,"Check that every formula variable exists, has variation and is encoded as intended after categorical conversion.","Common mistake: using ~ . without noticing unsuitable ID, coordinate or leakage columns.","Recorded in used_config.yml and affects effects_long.csv, effects_species_environment.csv and model-specific coefficient tables.","Hmsc-HPC: record the setting when it affects fitting, output or interpretation."
Hmsc-HPC,hmschpc_run,actionButton,Run Hmsc-HPC workflow,workflow action / reproducibility output,"Run Hmsc-HPC workflow triggers checking, fitting, comparison or export. It should leave a clear status, diagnostics and real downloadable files rather than silent or empty placeholders.","Check that the action writes engine_status.json, standard tables, reports, scripts and a non-empty ZIP when applicable.","Common mistake: accepting Completed, empty ZIP or missing diagnostics as a successful run.","Controls workflow status, output folder creation, downloadable ZIPs and reports.","Hmsc-HPC: record the setting when it affects fitting, output or interpretation."
Hmsc-HPC,hmschpc_run_sampler,checkboxInput,Run sampler,MCMC / optimization / prior control,"Run sampler controls computation rather than the ecological data itself. Quick values are for smoke tests; real inference needs longer runs, convergence checks and documented priors.","Check chains, burn-in/transient, thinning, seed, parallel settings and diagnostics; quick-test values are not publication settings.",Common mistake: reporting quick-test MCMC output as if it were a converged publication analysis.,"Recorded in used_config.yml, reproducible_script/ and diagnostics/session_info.txt; affects model objects and convergence tables.",Reviewer note: state whether settings are quick-test or inferential and report convergence diagnostics.
Hmsc-HPC,hmschpc_samples,synced_numeric_slider,samples,MCMC / optimization / prior control,"samples controls computation rather than the ecological data itself. Quick values are for smoke tests; real inference needs longer runs, convergence checks and documented priors.","Check chains, burn-in/transient, thinning, seed, parallel settings and diagnostics; quick-test values are not publication settings.",Common mistake: reporting quick-test MCMC output as if it were a converged publication analysis.,"Recorded in used_config.yml, reproducible_script/ and diagnostics/session_info.txt; affects model objects and convergence tables.",Reviewer note: state whether settings are quick-test or inferential and report convergence diagnostics.
Hmsc-HPC,hmschpc_save_eta,checkboxInput,save Eta,general workflow setting,save Eta modifies Hmsc-HPC workflow behaviour. Record it because GUI choices should be recoverable from used_config.yml and reproducible scripts.,Check that this setting is recorded in used_config.yml and that its meaning is documented in the report.,Common mistake: changing this setting without preserving it in the reproducible configuration.,Recorded in configuration and shown in reports when relevant.,"Hmsc-HPC: record the setting when it affects fitting, output or interpretation."
Hmsc-HPC,hmschpc_seed,synced_numeric_slider,rngseed,MCMC / optimization / prior control,"rngseed controls computation rather than the ecological data itself. Quick values are for smoke tests; real inference needs longer runs, convergence checks and documented priors.","Check chains, burn-in/transient, thinning, seed, parallel settings and diagnostics; quick-test values are not publication settings.",Common mistake: reporting quick-test MCMC output as if it were a converged publication analysis.,"Recorded in used_config.yml, reproducible_script/ and diagnostics/session_info.txt; affects model objects and convergence tables.",Reviewer note: state whether settings are quick-test or inferential and report convergence diagnostics.
Hmsc-HPC,hmschpc_study_file,fileInput,studyDesign.csv - random-level design,input data / auxiliary file,studyDesign.csv - random-level design is an auxiliary input for Hmsc-HPC. It must use the same site/species identifiers as the primary response and predictor files.,"Check dimensions, IDs, missing values, factor/numeric coercion and whether rows/columns match the response data before fitting.","Common mistake: uploading a table with an accidental ID column, mismatched row order or all-character numeric columns.",Copied to inputs/ and data/; summarized in diagnostics/data_check_messages.csv and standard/output_manifest.csv.,"Hmsc-HPC: record the setting when it affects fitting, output or interpretation."
Hmsc-HPC,hmschpc_thin,synced_numeric_slider,thin,MCMC / optimization / prior control,"thin controls computation rather than the ecological data itself. Quick values are for smoke tests; real inference needs longer runs, convergence checks and documented priors.","Check chains, burn-in/transient, thinning, seed, parallel settings and diagnostics; quick-test values are not publication settings.",Common mistake: reporting quick-test MCMC output as if it were a converged publication analysis.,"Recorded in used_config.yml, reproducible_script/ and diagnostics/session_info.txt; affects model objects and convergence tables.",Reviewer note: state whether settings are quick-test or inferential and report convergence diagnostics.
Hmsc-HPC,hmschpc_tnlib,selectInput,truncated normal library,response family / likelihood,"truncated normal library chooses how observations are linked to the latent ecological process. Binary, count, continuous, beta, ordinal and mixed-scale responses require different valid data ranges.","Check that response values satisfy the selected family: 0/1 for binary, non-negative integers for counts, continuous numeric values for Gaussian, valid bounded values for beta/ordinal settings.",Common mistake: allowing a model to run with a family that does not match the response scale.,"Recorded in used_config.yml and affects standard/run_summary.csv, fit_metrics.csv and predictions_long.csv.","Hmsc-HPC: record the setting when it affects fitting, output or interpretation."
Hmsc-HPC,hmschpc_trait_formula,textInput,trait formula,model formula / covariate design,trait formula controls which predictors enter the model. Every variable named in the formula must exist in the corresponding data table after cleaning and factor conversion.,"Check that every formula variable exists, has variation and is encoded as intended after categorical conversion.","Common mistake: using ~ . without noticing unsuitable ID, coordinate or leakage columns.","Recorded in used_config.yml and affects effects_long.csv, effects_species_environment.csv and model-specific coefficient tables.","Hmsc-HPC: record the setting when it affects fitting, output or interpretation."
Hmsc-HPC,hmschpc_traits_file,fileInput,traits.csv - species traits,input data / species traits,traits.csv - species traits supplies species-level attributes. Trait rows must match response species names exactly before trait-mediated effects are interpreted.,"Check dimensions, IDs, missing values, factor/numeric coercion and whether rows/columns match the response data before fitting.","Common mistake: uploading a table with an accidental ID column, mismatched row order or all-character numeric columns.",Copied to inputs/ and data/; summarized in diagnostics/data_check_messages.csv and standard/output_manifest.csv.,"Hmsc-HPC: record the setting when it affects fitting, output or interpretation."
Hmsc-HPC,hmschpc_transient,synced_numeric_slider,transient,MCMC / optimization / prior control,"transient controls computation rather than the ecological data itself. Quick values are for smoke tests; real inference needs longer runs, convergence checks and documented priors.","Check chains, burn-in/transient, thinning, seed, parallel settings and diagnostics; quick-test values are not publication settings.",Common mistake: reporting quick-test MCMC output as if it were a converged publication analysis.,"Recorded in used_config.yml, reproducible_script/ and diagnostics/session_info.txt; affects model objects and convergence tables.",Reviewer note: state whether settings are quick-test or inferential and report convergence diagnostics.
Hmsc-HPC,hmschpc_update_beta_eta,checkboxInput,updbe,response family / likelihood,"updbe chooses how observations are linked to the latent ecological process. Binary, count, continuous, beta, ordinal and mixed-scale responses require different valid data ranges.","Check that response values satisfy the selected family: 0/1 for binary, non-negative integers for counts, continuous numeric values for Gaussian, valid bounded values for beta/ordinal settings.",Common mistake: allowing a model to run with a family that does not match the response scale.,"Recorded in used_config.yml and affects standard/run_summary.csv, fit_metrics.csv and predictions_long.csv.","Hmsc-HPC: record the setting when it affects fitting, output or interpretation."
Hmsc-HPC,hmschpc_use_traits,checkboxInput,Use traits,input data / species traits,Use traits supplies species-level attributes. Trait rows must match response species names exactly before trait-mediated effects are interpreted.,"Check dimensions, IDs, missing values, factor/numeric coercion and whether rows/columns match the response data before fitting.","Common mistake: uploading a table with an accidental ID column, mismatched row order or all-character numeric columns.",Copied to inputs/ and data/; summarized in diagnostics/data_check_messages.csv and standard/output_manifest.csv.,"Hmsc-HPC: record the setting when it affects fitting, output or interpretation."
Hmsc-HPC,hmschpc_verbose,synced_numeric_slider,verbose,MCMC / optimization / prior control,"verbose controls computation rather than the ecological data itself. Quick values are for smoke tests; real inference needs longer runs, convergence checks and documented priors.","Check chains, burn-in/transient, thinning, seed, parallel settings and diagnostics; quick-test values are not publication settings.",Common mistake: reporting quick-test MCMC output as if it were a converged publication analysis.,"Recorded in used_config.yml, reproducible_script/ and diagnostics/session_info.txt; affects model objects and convergence tables.",Reviewer note: state whether settings are quick-test or inferential and report convergence diagnostics.
Project,project_has_phylogeny,checkboxInput,Has phylogeny / taxonomy,input data / phylogeny or taxonomy,Has phylogeny / taxonomy links species through phylogeny or taxonomy. Tip labels/correlation-matrix names must match response column names exactly.,"Check dimensions, IDs, missing values, factor/numeric coercion and whether rows/columns match the response data before fitting.","Common mistake: uploading a table with an accidental ID column, mismatched row order or all-character numeric columns.",Copied to inputs/ and data/; summarized in diagnostics/data_check_messages.csv and standard/output_manifest.csv.,"Project: record the setting when it affects fitting, output or interpretation."
Project,project_has_spatial,checkboxInput,Has spatial coordinates,input data / spatial structure,"Has spatial coordinates defines spatial coordinates, grouping or distance information. Use it only with spatial/random-effect settings that require the same site order as the response matrix.","Check dimensions, IDs, missing values, factor/numeric coercion and whether rows/columns match the response data before fitting.","Common mistake: uploading a table with an accidental ID column, mismatched row order or all-character numeric columns.",Copied to inputs/ and data/; summarized in diagnostics/data_check_messages.csv and standard/output_manifest.csv.,"Project: record the setting when it affects fitting, output or interpretation."
Project,project_has_traits,checkboxInput,Has traits / response attributes,input data / response matrix,Has traits / response attributes defines the observed ecological response for Project. Rows should be sampling units and columns should be species/responses unless the workflow explicitly uses long or detection-array input.,"Check dimensions, IDs, missing values, factor/numeric coercion and whether rows/columns match the response data before fitting.","Common mistake: uploading a table with an accidental ID column, mismatched row order or all-character numeric columns.",Copied to inputs/ and data/; summarized in diagnostics/data_check_messages.csv and standard/output_manifest.csv.,"Project: record the setting when it affects fitting, output or interpretation."
Project,project_many_zeros,checkboxInput,Median-zero / many zeros,project metadata / guidance,Median-zero / many zeros records the scientific context and helps recommendation logic. It guides interpretation but does not replace formal data checks or model diagnostics.,Check that this setting is recorded in used_config.yml and that its meaning is documented in the report.,Common mistake: changing this setting without preserving it in the reproducible configuration.,Recorded in configuration and shown in reports when relevant.,"Project: record the setting when it affects fitting, output or interpretation."
Project,project_n_predictors,synced_numeric_slider,Q predictors,model formula / covariate design,Q predictors controls which predictors enter the model. Every variable named in the formula must exist in the corresponding data table after cleaning and factor conversion.,"Check that every formula variable exists, has variation and is encoded as intended after categorical conversion.","Common mistake: using ~ . without noticing unsuitable ID, coordinate or leakage columns.","Recorded in used_config.yml and affects effects_long.csv, effects_species_environment.csv and model-specific coefficient tables.","Project: record the setting when it affects fitting, output or interpretation."
Project,project_n_responses,synced_numeric_slider,S responses / species,project metadata / guidance,S responses / species records the scientific context and helps recommendation logic. It guides interpretation but does not replace formal data checks or model diagnostics.,Check that this setting is recorded in used_config.yml and that its meaning is documented in the report.,Common mistake: changing this setting without preserving it in the reproducible configuration.,Recorded in configuration and shown in reports when relevant.,"Project: record the setting when it affects fitting, output or interpretation."
Project,project_n_sites,synced_numeric_slider,n observations / sites,project metadata / guidance,n observations / sites records the scientific context and helps recommendation logic. It guides interpretation but does not replace formal data checks or model diagnostics.,Check that this setting is recorded in used_config.yml and that its meaning is documented in the report.,Common mistake: changing this setting without preserving it in the reproducible configuration.,Recorded in configuration and shown in reports when relevant.,"Project: record the setting when it affects fitting, output or interpretation."
Project,project_name,textInput,Project name,project metadata / guidance,Project name records the scientific context and helps recommendation logic. It guides interpretation but does not replace formal data checks or model diagnostics.,Check that this setting is recorded in used_config.yml and that its meaning is documented in the report.,Common mistake: changing this setting without preserving it in the reproducible configuration.,Recorded in configuration and shown in reports when relevant.,"Project: record the setting when it affects fitting, output or interpretation."
Project,project_need_prediction,checkboxInput,Prediction / inverse prediction important,diagnostics / prediction / output selection,"Prediction / inverse prediction important decides which fit, prediction, diagnostic or plotting artifacts are written. These outputs support review only when status files and standard tables are also present.","Check that the requested outputs are compatible with fitted status, response scale and available package functions.",Common mistake: comparing metrics produced on different response scales or validation folds.,"Controls diagnostics/, plots/, predictions/, results/, report/ and standard/*.csv artifacts.","Project: record the setting when it affects fitting, output or interpretation."
Project,project_question,textAreaInput,Main scientific question,project metadata / guidance,Main scientific question records the scientific context and helps recommendation logic. It guides interpretation but does not replace formal data checks or model diagnostics.,Check that this setting is recorded in used_config.yml and that its meaning is documented in the report.,Common mistake: changing this setting without preserving it in the reproducible configuration.,Recorded in configuration and shown in reports when relevant.,"Project: record the setting when it affects fitting, output or interpretation."
Project,project_response_structure,selectInput,Response structure,project metadata / guidance,Response structure records the scientific context and helps recommendation logic. It guides interpretation but does not replace formal data checks or model diagnostics.,Check that this setting is recorded in used_config.yml and that its meaning is documented in the report.,Common mistake: changing this setting without preserving it in the reproducible configuration.,Recorded in configuration and shown in reports when relevant.,"Project: record the setting when it affects fitting, output or interpretation."
Project,question_template,selectInput,Question template,project metadata / guidance,Question template records the scientific context and helps recommendation logic. It guides interpretation but does not replace formal data checks or model diagnostics.,Check that this setting is recorded in used_config.yml and that its meaning is documented in the report.,Common mistake: changing this setting without preserving it in the reproducible configuration.,Recorded in configuration and shown in reports when relevant.,"Project: record the setting when it affects fitting, output or interpretation."
Universal Benchmark,univ_builtin_case,selectInput,Built-in real-style example case,general workflow setting,Built-in real-style example case modifies Universal Benchmark workflow behaviour. Record it because GUI choices should be recoverable from used_config.yml and reproducible scripts.,Check that this setting is recorded in used_config.yml and that its meaning is documented in the report.,Common mistake: changing this setting without preserving it in the reproducible configuration.,Recorded in configuration and shown in reports when relevant.,"Benchmark-specific: use shared IDs and truth-derived inputs, but do not force one CSV into incompatible engines."
Universal Benchmark,univ_compare,actionButton,Refresh benchmark comparison,workflow action / reproducibility output,"Refresh benchmark comparison triggers checking, fitting, comparison or export. It should leave a clear status, diagnostics and real downloadable files rather than silent or empty placeholders.","Check that the action writes engine_status.json, standard tables, reports, scripts and a non-empty ZIP when applicable.","Common mistake: accepting Completed, empty ZIP or missing diagnostics as a successful run.","Controls workflow status, output folder creation, downloadable ZIPs and reports.","Benchmark-specific: use shared IDs and truth-derived inputs, but do not force one CSV into incompatible engines."
Universal Benchmark,univ_data_source,radioButtons,Benchmark data source,general workflow setting,Benchmark data source modifies Universal Benchmark workflow behaviour. Record it because GUI choices should be recoverable from used_config.yml and reproducible scripts.,Check that this setting is recorded in used_config.yml and that its meaning is documented in the report.,Common mistake: changing this setting without preserving it in the reproducible configuration.,Recorded in configuration and shown in reports when relevant.,"Benchmark-specific: use shared IDs and truth-derived inputs, but do not force one CSV into incompatible engines."
Universal Benchmark,univ_data_zip,fileInput,Upload benchmark input ZIP,input data / auxiliary file,Upload benchmark input ZIP is an auxiliary input for Universal Benchmark. It must use the same site/species identifiers as the primary response and predictor files.,"Check dimensions, IDs, missing values, factor/numeric coercion and whether rows/columns match the response data before fitting.","Common mistake: uploading a table with an accidental ID column, mismatched row order or all-character numeric columns.",Copied to inputs/ and data/; summarized in diagnostics/data_check_messages.csv and standard/output_manifest.csv.,"Benchmark-specific: use shared IDs and truth-derived inputs, but do not force one CSV into incompatible engines."
Universal Benchmark,univ_download,downloadButton,Download all-model benchmark ZIP,workflow action / reproducibility output,"Download all-model benchmark ZIP triggers checking, fitting, comparison or export. It should leave a clear status, diagnostics and real downloadable files rather than silent or empty placeholders.","Check that the action writes engine_status.json, standard tables, reports, scripts and a non-empty ZIP when applicable.","Common mistake: accepting Completed, empty ZIP or missing diagnostics as a successful run.","Controls workflow status, output folder creation, downloadable ZIPs and reports.","Benchmark-specific: use shared IDs and truth-derived inputs, but do not force one CSV into incompatible engines."
Universal Benchmark,univ_engines,checkboxGroupInput,Engines to run sequentially,workflow action / reproducibility output,"Engines to run sequentially triggers checking, fitting, comparison or export. It should leave a clear status, diagnostics and real downloadable files rather than silent or empty placeholders.","Check that the action writes engine_status.json, standard tables, reports, scripts and a non-empty ZIP when applicable.","Common mistake: accepting Completed, empty ZIP or missing diagnostics as a successful run.","Controls workflow status, output folder creation, downloadable ZIPs and reports.","Benchmark-specific: use shared IDs and truth-derived inputs, but do not force one CSV into incompatible engines."
Universal Benchmark,univ_generate,actionButton,Generate benchmark data,workflow action / reproducibility output,"Generate benchmark data triggers checking, fitting, comparison or export. It should leave a clear status, diagnostics and real downloadable files rather than silent or empty placeholders.","Check that the action writes engine_status.json, standard tables, reports, scripts and a non-empty ZIP when applicable.","Common mistake: accepting Completed, empty ZIP or missing diagnostics as a successful run.","Controls workflow status, output folder creation, downloadable ZIPs and reports.","Benchmark-specific: use shared IDs and truth-derived inputs, but do not force one CSV into incompatible engines."
Universal Benchmark,univ_import_zip,actionButton,Import uploaded benchmark ZIP,workflow action / reproducibility output,"Import uploaded benchmark ZIP triggers checking, fitting, comparison or export. It should leave a clear status, diagnostics and real downloadable files rather than silent or empty placeholders.","Check that the action writes engine_status.json, standard tables, reports, scripts and a non-empty ZIP when applicable.","Common mistake: accepting Completed, empty ZIP or missing diagnostics as a successful run.","Controls workflow status, output folder creation, downloadable ZIPs and reports.","Benchmark-specific: use shared IDs and truth-derived inputs, but do not force one CSV into incompatible engines."
Universal Benchmark,univ_n_sites,synced_numeric_slider,observations / sites,project metadata / guidance,observations / sites records the scientific context and helps recommendation logic. It guides interpretation but does not replace formal data checks or model diagnostics.,Check that this setting is recorded in used_config.yml and that its meaning is documented in the report.,Common mistake: changing this setting without preserving it in the reproducible configuration.,Recorded in configuration and shown in reports when relevant.,"Benchmark-specific: use shared IDs and truth-derived inputs, but do not force one CSV into incompatible engines."
Universal Benchmark,univ_n_species,synced_numeric_slider,responses / species,project metadata / guidance,responses / species records the scientific context and helps recommendation logic. It guides interpretation but does not replace formal data checks or model diagnostics.,Check that this setting is recorded in used_config.yml and that its meaning is documented in the report.,Common mistake: changing this setting without preserving it in the reproducible configuration.,Recorded in configuration and shown in reports when relevant.,"Benchmark-specific: use shared IDs and truth-derived inputs, but do not force one CSV into incompatible engines."
Universal Benchmark,univ_n_visits,synced_numeric_slider,detection visits,general workflow setting,detection visits modifies Universal Benchmark workflow behaviour. Record it because GUI choices should be recoverable from used_config.yml and reproducible scripts.,Check that this setting is recorded in used_config.yml and that its meaning is documented in the report.,Common mistake: changing this setting without preserving it in the reproducible configuration.,Recorded in configuration and shown in reports when relevant.,"Benchmark-specific: use shared IDs and truth-derived inputs, but do not force one CSV into incompatible engines."
Universal Benchmark,univ_preflight,actionButton,Run dependency preflight,workflow action / reproducibility output,"Run dependency preflight triggers checking, fitting, comparison or export. It should leave a clear status, diagnostics and real downloadable files rather than silent or empty placeholders.","Check that the action writes engine_status.json, standard tables, reports, scripts and a non-empty ZIP when applicable.","Common mistake: accepting Completed, empty ZIP or missing diagnostics as a successful run.","Controls workflow status, output folder creation, downloadable ZIPs and reports.","Benchmark-specific: use shared IDs and truth-derived inputs, but do not force one CSV into incompatible engines."
Universal Benchmark,univ_run_all,actionButton,Run universal benchmark,workflow action / reproducibility output,"Run universal benchmark triggers checking, fitting, comparison or export. It should leave a clear status, diagnostics and real downloadable files rather than silent or empty placeholders.","Check that the action writes engine_status.json, standard tables, reports, scripts and a non-empty ZIP when applicable.","Common mistake: accepting Completed, empty ZIP or missing diagnostics as a successful run.","Controls workflow status, output folder creation, downloadable ZIPs and reports.","Benchmark-specific: use shared IDs and truth-derived inputs, but do not force one CSV into incompatible engines."
Universal Benchmark,univ_seed,synced_numeric_slider,benchmark seed,MCMC / optimization / prior control,"benchmark seed controls computation rather than the ecological data itself. Quick values are for smoke tests; real inference needs longer runs, convergence checks and documented priors.","Check chains, burn-in/transient, thinning, seed, parallel settings and diagnostics; quick-test values are not publication settings.",Common mistake: reporting quick-test MCMC output as if it were a converged publication analysis.,"Recorded in used_config.yml, reproducible_script/ and diagnostics/session_info.txt; affects model objects and convergence tables.","Benchmark-specific: use shared IDs and truth-derived inputs, but do not force one CSV into incompatible engines."
Universal Benchmark,univ_use_builtin,actionButton,Use selected example case,workflow action / reproducibility output,"Use selected example case triggers checking, fitting, comparison or export. It should leave a clear status, diagnostics and real downloadable files rather than silent or empty placeholders.","Check that the action writes engine_status.json, standard tables, reports, scripts and a non-empty ZIP when applicable.","Common mistake: accepting Completed, empty ZIP or missing diagnostics as a successful run.","Controls workflow status, output folder creation, downloadable ZIPs and reports.","Benchmark-specific: use shared IDs and truth-derived inputs, but do not force one CSV into incompatible engines."
boral,boral_X_file,fileInput,XData.csv  - covariate matrix X,input data / environmental predictors,"XData.csv  - covariate matrix X supplies site-level covariates. Rows must align with the response data, numeric-looking columns should be numeric, and intended categorical predictors should be handled as factors.","Check dimensions, IDs, missing values, factor/numeric coercion and whether rows/columns match the response data before fitting.","Common mistake: uploading a table with an accidental ID column, mismatched row order or all-character numeric columns.",Copied to inputs/ and data/; summarized in diagnostics/data_check_messages.csv and standard/output_manifest.csv.,"boral: record the setting when it affects fitting, output or interpretation."
boral,boral_X_ind,textInput,X.ind,general workflow setting,X.ind modifies boral workflow behaviour. Record it because GUI choices should be recoverable from used_config.yml and reproducible scripts.,Check that this setting is recorded in used_config.yml and that its meaning is documented in the report.,Common mistake: changing this setting without preserving it in the reproducible configuration.,Recorded in configuration and shown in reports when relevant.,"boral: record the setting when it affects fitting, output or interpretation."
boral,boral_Y_file,fileInput,Y.csv  - response matrix,input data / response matrix,Y.csv  - response matrix defines the observed ecological response for boral. Rows should be sampling units and columns should be species/responses unless the workflow explicitly uses long or detection-array input.,"Check dimensions, IDs, missing values, factor/numeric coercion and whether rows/columns match the response data before fitting.","Common mistake: uploading a table with an accidental ID column, mismatched row order or all-character numeric columns.",Copied to inputs/ and data/; summarized in diagnostics/data_check_messages.csv and standard/output_manifest.csv.,"boral: record the setting when it affects fitting, output or interpretation."
boral,boral_calc_ics,checkboxInput,calc.ics,general workflow setting,calc.ics modifies boral workflow behaviour. Record it because GUI choices should be recoverable from used_config.yml and reproducible scripts.,Check that this setting is recorded in used_config.yml and that its meaning is documented in the report.,Common mistake: changing this setting without preserving it in the reproducible configuration.,Recorded in configuration and shown in reports when relevant.,"boral: record the setting when it affects fitting, output or interpretation."
boral,boral_check,actionButton,Check boral data,workflow action / reproducibility output,"Check boral data triggers checking, fitting, comparison or export. It should leave a clear status, diagnostics and real downloadable files rather than silent or empty placeholders.","Check that the action writes engine_status.json, standard tables, reports, scripts and a non-empty ZIP when applicable.","Common mistake: accepting Completed, empty ZIP or missing diagnostics as a successful run.","Controls workflow status, output folder creation, downloadable ZIPs and reports.","boral: record the setting when it affects fitting, output or interpretation."
boral,boral_distmat_file,fileInput,distmat.csv  - distance matrix for structured latent variables,input data / spatial structure,"distmat.csv  - distance matrix for structured latent variables defines spatial coordinates, grouping or distance information. Use it only with spatial/random-effect settings that require the same site order as the response matrix.","Check dimensions, IDs, missing values, factor/numeric coercion and whether rows/columns match the response data before fitting.","Common mistake: uploading a table with an accidental ID column, mismatched row order or all-character numeric columns.",Copied to inputs/ and data/; summarized in diagnostics/data_check_messages.csv and standard/output_manifest.csv.,"boral: record the setting when it affects fitting, output or interpretation."
boral,boral_do_coefsplot,checkboxInput,coefsplot,diagnostics / prediction / output selection,"coefsplot decides which fit, prediction, diagnostic or plotting artifacts are written. These outputs support review only when status files and standard tables are also present.","Check that the requested outputs are compatible with fitted status, response scale and available package functions.",Common mistake: comparing metrics produced on different response scales or validation folds.,"Controls diagnostics/, plots/, predictions/, results/, report/ and standard/*.csv artifacts.","boral: record the setting when it affects fitting, output or interpretation."
boral,boral_do_env_cor,checkboxInput,get.enviro.cor,general workflow setting,get.enviro.cor modifies boral workflow behaviour. Record it because GUI choices should be recoverable from used_config.yml and reproducible scripts.,Check that this setting is recorded in used_config.yml and that its meaning is documented in the report.,Common mistake: changing this setting without preserving it in the reproducible configuration.,Recorded in configuration and shown in reports when relevant.,"boral: record the setting when it affects fitting, output or interpretation."
boral,boral_do_fit,checkboxInput,do.fit,diagnostics / prediction / output selection,"do.fit decides which fit, prediction, diagnostic or plotting artifacts are written. These outputs support review only when status files and standard tables are also present.","Check that the requested outputs are compatible with fitted status, response scale and available package functions.",Common mistake: comparing metrics produced on different response scales or validation folds.,"Controls diagnostics/, plots/, predictions/, results/, report/ and standard/*.csv artifacts.","boral: record the setting when it affects fitting, output or interpretation."
boral,boral_do_fitted,checkboxInput,fitted.boral,diagnostics / prediction / output selection,"fitted.boral decides which fit, prediction, diagnostic or plotting artifacts are written. These outputs support review only when status files and standard tables are also present.","Check that the requested outputs are compatible with fitted status, response scale and available package functions.",Common mistake: comparing metrics produced on different response scales or validation folds.,"Controls diagnostics/, plots/, predictions/, results/, report/ and standard/*.csv artifacts.","boral: record the setting when it affects fitting, output or interpretation."
boral,boral_do_lvsplot,checkboxInput,lvsplot ordination,random effect / spatial / latent structure,"lvsplot ordination controls residual dependence, grouping, spatial covariance or latent factors. These parameters affect interpretation of associations and should not be treated as direct species interactions without caution.","Check grouping columns, coordinates, distance matrices, duplicated locations and whether the selected structure is identifiable for the data size.",Common mistake: interpreting residual association or latent factors as direct biological interaction.,"Recorded in used_config.yml and affects associations_long.csv, diagnostics, plots and model-specific random/spatial outputs.",Reviewer note: association parameters are engine-specific and should be labelled by scale and association_type.
boral,boral_do_predict,checkboxInput,predict.boral,general workflow setting,predict.boral modifies boral workflow behaviour. Record it because GUI choices should be recoverable from used_config.yml and reproducible scripts.,Check that this setting is recorded in used_config.yml and that its meaning is documented in the report.,Common mistake: changing this setting without preserving it in the reproducible configuration.,Recorded in configuration and shown in reports when relevant.,"boral: record the setting when it affects fitting, output or interpretation."
boral,boral_do_ranefsplot,checkboxInput,ranefsplot,input data / auxiliary file,ranefsplot is an auxiliary input for boral. It must use the same site/species identifiers as the primary response and predictor files.,"Check dimensions, IDs, missing values, factor/numeric coercion and whether rows/columns match the response data before fitting.","Common mistake: uploading a table with an accidental ID column, mismatched row order or all-character numeric columns.",Copied to inputs/ and data/; summarized in diagnostics/data_check_messages.csv and standard/output_manifest.csv.,"boral: record the setting when it affects fitting, output or interpretation."
boral,boral_do_resid_cor,checkboxInput,get.residual.cor,general workflow setting,get.residual.cor modifies boral workflow behaviour. Record it because GUI choices should be recoverable from used_config.yml and reproducible scripts.,Check that this setting is recorded in used_config.yml and that its meaning is documented in the report.,Common mistake: changing this setting without preserving it in the reproducible configuration.,Recorded in configuration and shown in reports when relevant.,"boral: record the setting when it affects fitting, output or interpretation."
boral,boral_do_residual_plot,checkboxInput,plot.boral residual diagnostics,diagnostics / prediction / output selection,"plot.boral residual diagnostics decides which fit, prediction, diagnostic or plotting artifacts are written. These outputs support review only when status files and standard tables are also present.","Check that the requested outputs are compatible with fitted status, response scale and available package functions.",Common mistake: comparing metrics produced on different response scales or validation folds.,"Controls diagnostics/, plots/, predictions/, results/, report/ and standard/*.csv artifacts.","boral: record the setting when it affects fitting, output or interpretation."
boral,boral_do_summary,checkboxInput,summary.boral,general workflow setting,summary.boral modifies boral workflow behaviour. Record it because GUI choices should be recoverable from used_config.yml and reproducible scripts.,Check that this setting is recorded in used_config.yml and that its meaning is documented in the report.,Common mistake: changing this setting without preserving it in the reproducible configuration.,Recorded in configuration and shown in reports when relevant.,"boral: record the setting when it affects fitting, output or interpretation."
boral,boral_do_tidy,checkboxInput,tidyboral,general workflow setting,tidyboral modifies boral workflow behaviour. Record it because GUI choices should be recoverable from used_config.yml and reproducible scripts.,Check that this setting is recorded in used_config.yml and that its meaning is documented in the report.,Common mistake: changing this setting without preserving it in the reproducible configuration.,Recorded in configuration and shown in reports when relevant.,"boral: record the setting when it affects fitting, output or interpretation."
boral,boral_do_varpart,checkboxInput,calc.varpart,general workflow setting,calc.varpart modifies boral workflow behaviour. Record it because GUI choices should be recoverable from used_config.yml and reproducible scripts.,Check that this setting is recorded in used_config.yml and that its meaning is documented in the report.,Common mistake: changing this setting without preserving it in the reproducible configuration.,Recorded in configuration and shown in reports when relevant.,"boral: record the setting when it affects fitting, output or interpretation."
boral,boral_download,downloadButton,Download boral ZIP,workflow action / reproducibility output,"Download boral ZIP triggers checking, fitting, comparison or export. It should leave a clear status, diagnostics and real downloadable files rather than silent or empty placeholders.","Check that the action writes engine_status.json, standard tables, reports, scripts and a non-empty ZIP when applicable.","Common mistake: accepting Completed, empty ZIP or missing diagnostics as a successful run.","Controls workflow status, output folder creation, downloadable ZIPs and reports.","boral: record the setting when it affects fitting, output or interpretation."
boral,boral_family,selectInput,family,response family / likelihood,"family chooses how observations are linked to the latent ecological process. Binary, count, continuous, beta, ordinal and mixed-scale responses require different valid data ranges.","Check that response values satisfy the selected family: 0/1 for binary, non-negative integers for counts, continuous numeric values for Gaussian, valid bounded values for beta/ordinal settings.",Common mistake: allowing a model to run with a family that does not match the response scale.,"Recorded in used_config.yml and affects standard/run_summary.csv, fit_metrics.csv and predictions_long.csv.","boral: record the setting when it affects fitting, output or interpretation."
boral,boral_family_text,textAreaInput,family vector override,response family / likelihood,"family vector override chooses how observations are linked to the latent ecological process. Binary, count, continuous, beta, ordinal and mixed-scale responses require different valid data ranges.","Check that response values satisfy the selected family: 0/1 for binary, non-negative integers for counts, continuous numeric values for Gaussian, valid bounded values for beta/ordinal settings.",Common mistake: allowing a model to run with a family that does not match the response scale.,"Recorded in used_config.yml and affects standard/run_summary.csv, fit_metrics.csv and predictions_long.csv.","boral: record the setting when it affects fitting, output or interpretation."
boral,boral_formula_X,textInput,formula.X,model formula / covariate design,formula.X controls which predictors enter the model. Every variable named in the formula must exist in the corresponding data table after cleaning and factor conversion.,"Check that every formula variable exists, has variation and is encoded as intended after categorical conversion.","Common mistake: using ~ . without noticing unsuitable ID, coordinate or leakage columns.","Recorded in used_config.yml and affects effects_long.csv, effects_species_environment.csv and model-specific coefficient tables.","boral: record the setting when it affects fitting, output or interpretation."
boral,boral_hypparams,textInput,prior.control$hypparams,MCMC / optimization / prior control,"prior.control$hypparams controls computation rather than the ecological data itself. Quick values are for smoke tests; real inference needs longer runs, convergence checks and documented priors.","Check chains, burn-in/transient, thinning, seed, parallel settings and diagnostics; quick-test values are not publication settings.",Common mistake: reporting quick-test MCMC output as if it were a converged publication analysis.,"Recorded in used_config.yml, reproducible_script/ and diagnostics/session_info.txt; affects model objects and convergence tables.",Reviewer note: state whether settings are quick-test or inferential and report convergence diagnostics.
boral,boral_ind_spp,textInput,lvsplot ind.spp,random effect / spatial / latent structure,"lvsplot ind.spp controls residual dependence, grouping, spatial covariance or latent factors. These parameters affect interpretation of associations and should not be treated as direct species interactions without caution.","Check grouping columns, coordinates, distance matrices, duplicated locations and whether the selected structure is identifiable for the data size.",Common mistake: interpreting residual association or latent factors as direct biological interaction.,"Recorded in used_config.yml and affects associations_long.csv, diagnostics, plots and model-specific random/spatial outputs.",Reviewer note: association parameters are engine-specific and should be labelled by scale and association_type.
boral,boral_lv_type,selectInput,lv.control$type,random effect / spatial / latent structure,"lv.control$type controls residual dependence, grouping, spatial covariance or latent factors. These parameters affect interpretation of associations and should not be treated as direct species interactions without caution.","Check grouping columns, coordinates, distance matrices, duplicated locations and whether the selected structure is identifiable for the data size.",Common mistake: interpreting residual association or latent factors as direct biological interaction.,"Recorded in used_config.yml and affects associations_long.csv, diagnostics, plots and model-specific random/spatial outputs.",Reviewer note: association parameters are engine-specific and should be labelled by scale and association_type.
boral,boral_model_mode,selectInput,model mode,general workflow setting,model mode modifies boral workflow behaviour. Record it because GUI choices should be recoverable from used_config.yml and reproducible scripts.,Check that this setting is recorded in used_config.yml and that its meaning is documented in the report.,Common mistake: changing this setting without preserving it in the reproducible configuration.,Recorded in configuration and shown in reports when relevant.,"boral: record the setting when it affects fitting, output or interpretation."
boral,boral_model_name,textInput,model.name,general workflow setting,model.name modifies boral workflow behaviour. Record it because GUI choices should be recoverable from used_config.yml and reproducible scripts.,Check that this setting is recorded in used_config.yml and that its meaning is documented in the report.,Common mistake: changing this setting without preserving it in the reproducible configuration.,Recorded in configuration and shown in reports when relevant.,"boral: record the setting when it affects fitting, output or interpretation."
boral,boral_n_burnin,synced_numeric_slider,mcmc.control$n.burnin,MCMC / optimization / prior control,"mcmc.control$n.burnin controls computation rather than the ecological data itself. Quick values are for smoke tests; real inference needs longer runs, convergence checks and documented priors.","Check chains, burn-in/transient, thinning, seed, parallel settings and diagnostics; quick-test values are not publication settings.",Common mistake: reporting quick-test MCMC output as if it were a converged publication analysis.,"Recorded in used_config.yml, reproducible_script/ and diagnostics/session_info.txt; affects model objects and convergence tables.",Reviewer note: state whether settings are quick-test or inferential and report convergence diagnostics.
boral,boral_n_iteration,synced_numeric_slider,mcmc.control$n.iteration,MCMC / optimization / prior control,"mcmc.control$n.iteration controls computation rather than the ecological data itself. Quick values are for smoke tests; real inference needs longer runs, convergence checks and documented priors.","Check chains, burn-in/transient, thinning, seed, parallel settings and diagnostics; quick-test values are not publication settings.",Common mistake: reporting quick-test MCMC output as if it were a converged publication analysis.,"Recorded in used_config.yml, reproducible_script/ and diagnostics/session_info.txt; affects model objects and convergence tables.",Reviewer note: state whether settings are quick-test or inferential and report convergence diagnostics.
boral,boral_n_thin,synced_numeric_slider,mcmc.control$n.thin,MCMC / optimization / prior control,"mcmc.control$n.thin controls computation rather than the ecological data itself. Quick values are for smoke tests; real inference needs longer runs, convergence checks and documented priors.","Check chains, burn-in/transient, thinning, seed, parallel settings and diagnostics; quick-test values are not publication settings.",Common mistake: reporting quick-test MCMC output as if it were a converged publication analysis.,"Recorded in used_config.yml, reproducible_script/ and diagnostics/session_info.txt; affects model objects and convergence tables.",Reviewer note: state whether settings are quick-test or inferential and report convergence diagnostics.
boral,boral_newdata_file,fileInput,newdata.csv  - prediction covariates,input data / environmental predictors,"newdata.csv  - prediction covariates supplies site-level covariates. Rows must align with the response data, numeric-looking columns should be numeric, and intended categorical predictors should be handled as factors.","Check dimensions, IDs, missing values, factor/numeric coercion and whether rows/columns match the response data before fitting.","Common mistake: uploading a table with an accidental ID column, mismatched row order or all-character numeric columns.",Copied to inputs/ and data/; summarized in diagnostics/data_check_messages.csv and standard/output_manifest.csv.,"boral: record the setting when it affects fitting, output or interpretation."
boral,boral_num_lv,synced_numeric_slider,num.lv,random effect / spatial / latent structure,"num.lv controls residual dependence, grouping, spatial covariance or latent factors. These parameters affect interpretation of associations and should not be treated as direct species interactions without caution.","Check grouping columns, coordinates, distance matrices, duplicated locations and whether the selected structure is identifiable for the data size.",Common mistake: interpreting residual association or latent factors as direct biological interaction.,"Recorded in used_config.yml and affects associations_long.csv, diagnostics, plots and model-specific random/spatial outputs.",Reviewer note: association parameters are engine-specific and should be labelled by scale and association_type.
boral,boral_offset_file,fileInput,offset.csv  - offset matrix,input data / auxiliary file,offset.csv  - offset matrix is an auxiliary input for boral. It must use the same site/species identifiers as the primary response and predictor files.,"Check dimensions, IDs, missing values, factor/numeric coercion and whether rows/columns match the response data before fitting.","Common mistake: uploading a table with an accidental ID column, mismatched row order or all-character numeric columns.",Copied to inputs/ and data/; summarized in diagnostics/data_check_messages.csv and standard/output_manifest.csv.,"boral: record the setting when it affects fitting, output or interpretation."
boral,boral_out_config,checkboxInput,Save boral used_config.yml,general workflow setting,Save boral used_config.yml modifies boral workflow behaviour. Record it because GUI choices should be recoverable from used_config.yml and reproducible scripts.,Check that this setting is recorded in used_config.yml and that its meaning is documented in the report.,Common mistake: changing this setting without preserving it in the reproducible configuration.,Recorded in configuration and shown in reports when relevant.,"boral: record the setting when it affects fitting, output or interpretation."
boral,boral_out_copy_inputs,checkboxInput,Copy boral input files to output folder,input data / auxiliary file,Copy boral input files to output folder is an auxiliary input for boral. It must use the same site/species identifiers as the primary response and predictor files.,"Check dimensions, IDs, missing values, factor/numeric coercion and whether rows/columns match the response data before fitting.","Common mistake: uploading a table with an accidental ID column, mismatched row order or all-character numeric columns.",Copied to inputs/ and data/; summarized in diagnostics/data_check_messages.csv and standard/output_manifest.csv.,"boral: record the setting when it affects fitting, output or interpretation."
boral,boral_out_jags,checkboxInput,Save JAGS model file,input data / auxiliary file,Save JAGS model file is an auxiliary input for boral. It must use the same site/species identifiers as the primary response and predictor files.,"Check dimensions, IDs, missing values, factor/numeric coercion and whether rows/columns match the response data before fitting.","Common mistake: uploading a table with an accidental ID column, mismatched row order or all-character numeric columns.",Copied to inputs/ and data/; summarized in diagnostics/data_check_messages.csv and standard/output_manifest.csv.,"boral: record the setting when it affects fitting, output or interpretation."
boral,boral_out_model,checkboxInput,Save boral model object,general workflow setting,Save boral model object modifies boral workflow behaviour. Record it because GUI choices should be recoverable from used_config.yml and reproducible scripts.,Check that this setting is recorded in used_config.yml and that its meaning is documented in the report.,Common mistake: changing this setting without preserving it in the reproducible configuration.,Recorded in configuration and shown in reports when relevant.,"boral: record the setting when it affects fitting, output or interpretation."
boral,boral_out_plots,checkboxInput,Save PDF/PNG plots,diagnostics / prediction / output selection,"Save PDF/PNG plots decides which fit, prediction, diagnostic or plotting artifacts are written. These outputs support review only when status files and standard tables are also present.","Check that the requested outputs are compatible with fitted status, response scale and available package functions.",Common mistake: comparing metrics produced on different response scales or validation folds.,"Controls diagnostics/, plots/, predictions/, results/, report/ and standard/*.csv artifacts.","boral: record the setting when it affects fitting, output or interpretation."
boral,boral_out_report,checkboxInput,Generate boral HTML report,workflow action / reproducibility output,"Generate boral HTML report triggers checking, fitting, comparison or export. It should leave a clear status, diagnostics and real downloadable files rather than silent or empty placeholders.","Check that the action writes engine_status.json, standard tables, reports, scripts and a non-empty ZIP when applicable.","Common mistake: accepting Completed, empty ZIP or missing diagnostics as a successful run.","Controls workflow status, output folder creation, downloadable ZIPs and reports.","boral: record the setting when it affects fitting, output or interpretation."
boral,boral_out_tables,checkboxInput,Save CSV summary tables,input data / auxiliary file,Save CSV summary tables is an auxiliary input for boral. It must use the same site/species identifiers as the primary response and predictor files.,"Check dimensions, IDs, missing values, factor/numeric coercion and whether rows/columns match the response data before fitting.","Common mistake: uploading a table with an accidental ID column, mismatched row order or all-character numeric columns.",Copied to inputs/ and data/; summarized in diagnostics/data_check_messages.csv and standard/output_manifest.csv.,"boral: record the setting when it affects fitting, output or interpretation."
boral,boral_out_zip,checkboxInput,Create boral output ZIP,workflow action / reproducibility output,"Create boral output ZIP triggers checking, fitting, comparison or export. It should leave a clear status, diagnostics and real downloadable files rather than silent or empty placeholders.","Check that the action writes engine_status.json, standard tables, reports, scripts and a non-empty ZIP when applicable.","Common mistake: accepting Completed, empty ZIP or missing diagnostics as a successful run.","Controls workflow status, output folder creation, downloadable ZIPs and reports.","boral: record the setting when it affects fitting, output or interpretation."
boral,boral_prior_type,textInput,prior.control$type,MCMC / optimization / prior control,"prior.control$type controls computation rather than the ecological data itself. Quick values are for smoke tests; real inference needs longer runs, convergence checks and documented priors.","Check chains, burn-in/transient, thinning, seed, parallel settings and diagnostics; quick-test values are not publication settings.",Common mistake: reporting quick-test MCMC output as if it were a converged publication analysis.,"Recorded in used_config.yml, reproducible_script/ and diagnostics/session_info.txt; affects model objects and convergence tables.",Reviewer note: state whether settings are quick-test or inferential and report convergence diagnostics.
boral,boral_ranefids_file,fileInput,ranef.ids.csv  - response-specific random intercept IDs,input data / response matrix,ranef.ids.csv  - response-specific random intercept IDs defines the observed ecological response for boral. Rows should be sampling units and columns should be species/responses unless the workflow explicitly uses long or detection-array input.,"Check dimensions, IDs, missing values, factor/numeric coercion and whether rows/columns match the response data before fitting.","Common mistake: uploading a table with an accidental ID column, mismatched row order or all-character numeric columns.",Copied to inputs/ and data/; summarized in diagnostics/data_check_messages.csv and standard/output_manifest.csv.,"boral: record the setting when it affects fitting, output or interpretation."
boral,boral_row_eff,selectInput,row.eff,general workflow setting,row.eff modifies boral workflow behaviour. Record it because GUI choices should be recoverable from used_config.yml and reproducible scripts.,Check that this setting is recorded in used_config.yml and that its meaning is documented in the report.,Common mistake: changing this setting without preserving it in the reproducible configuration.,Recorded in configuration and shown in reports when relevant.,"boral: record the setting when it affects fitting, output or interpretation."
boral,boral_rowids_file,fileInput,row.ids.csv  - row effect IDs,input data / auxiliary file,row.ids.csv  - row effect IDs is an auxiliary input for boral. It must use the same site/species identifiers as the primary response and predictor files.,"Check dimensions, IDs, missing values, factor/numeric coercion and whether rows/columns match the response data before fitting.","Common mistake: uploading a table with an accidental ID column, mismatched row order or all-character numeric columns.",Copied to inputs/ and data/; summarized in diagnostics/data_check_messages.csv and standard/output_manifest.csv.,"boral: record the setting when it affects fitting, output or interpretation."
boral,boral_run,actionButton,Run boral workflow,workflow action / reproducibility output,"Run boral workflow triggers checking, fitting, comparison or export. It should leave a clear status, diagnostics and real downloadable files rather than silent or empty placeholders.","Check that the action writes engine_status.json, standard tables, reports, scripts and a non-empty ZIP when applicable.","Common mistake: accepting Completed, empty ZIP or missing diagnostics as a successful run.","Controls workflow status, output folder creation, downloadable ZIPs and reports.","boral: record the setting when it affects fitting, output or interpretation."
boral,boral_save_dic,checkboxInput,Save DIC / log-likelihood measures,general workflow setting,Save DIC / log-likelihood measures modifies boral workflow behaviour. Record it because GUI choices should be recoverable from used_config.yml and reproducible scripts.,Check that this setting is recorded in used_config.yml and that its meaning is documented in the report.,Common mistake: changing this setting without preserving it in the reproducible configuration.,Recorded in configuration and shown in reports when relevant.,"boral: record the setting when it affects fitting, output or interpretation."
boral,boral_save_hpd,checkboxInput,Save HPD intervals,general workflow setting,Save HPD intervals modifies boral workflow behaviour. Record it because GUI choices should be recoverable from used_config.yml and reproducible scripts.,Check that this setting is recorded in used_config.yml and that its meaning is documented in the report.,Common mistake: changing this setting without preserving it in the reproducible configuration.,Recorded in configuration and shown in reports when relevant.,"boral: record the setting when it affects fitting, output or interpretation."
boral,boral_save_mcmc_samples,checkboxInput,Save MCMC samples,MCMC / optimization / prior control,"Save MCMC samples controls computation rather than the ecological data itself. Quick values are for smoke tests; real inference needs longer runs, convergence checks and documented priors.","Check chains, burn-in/transient, thinning, seed, parallel settings and diagnostics; quick-test values are not publication settings.",Common mistake: reporting quick-test MCMC output as if it were a converged publication analysis.,"Recorded in used_config.yml, reproducible_script/ and diagnostics/session_info.txt; affects model objects and convergence tables.",Reviewer note: state whether settings are quick-test or inferential and report convergence diagnostics.
boral,boral_save_model,checkboxInput,save.model,general workflow setting,save.model modifies boral workflow behaviour. Record it because GUI choices should be recoverable from used_config.yml and reproducible scripts.,Check that this setting is recorded in used_config.yml and that its meaning is documented in the report.,Common mistake: changing this setting without preserving it in the reproducible configuration.,Recorded in configuration and shown in reports when relevant.,"boral: record the setting when it affects fitting, output or interpretation."
boral,boral_seed,synced_numeric_slider,mcmc.control$seed,MCMC / optimization / prior control,"mcmc.control$seed controls computation rather than the ecological data itself. Quick values are for smoke tests; real inference needs longer runs, convergence checks and documented priors.","Check chains, burn-in/transient, thinning, seed, parallel settings and diagnostics; quick-test values are not publication settings.",Common mistake: reporting quick-test MCMC output as if it were a converged publication analysis.,"Recorded in used_config.yml, reproducible_script/ and diagnostics/session_info.txt; affects model objects and convergence tables.",Reviewer note: state whether settings are quick-test or inferential and report convergence diagnostics.
boral,boral_ssvs_g,synced_numeric_slider,prior.control$ssvs.g,MCMC / optimization / prior control,"prior.control$ssvs.g controls computation rather than the ecological data itself. Quick values are for smoke tests; real inference needs longer runs, convergence checks and documented priors.","Check chains, burn-in/transient, thinning, seed, parallel settings and diagnostics; quick-test values are not publication settings.",Common mistake: reporting quick-test MCMC output as if it were a converged publication analysis.,"Recorded in used_config.yml, reproducible_script/ and diagnostics/session_info.txt; affects model objects and convergence tables.",Reviewer note: state whether settings are quick-test or inferential and report convergence diagnostics.
boral,boral_ssvs_index,textInput,prior.control$ssvs.index,MCMC / optimization / prior control,"prior.control$ssvs.index controls computation rather than the ecological data itself. Quick values are for smoke tests; real inference needs longer runs, convergence checks and documented priors.","Check chains, burn-in/transient, thinning, seed, parallel settings and diagnostics; quick-test values are not publication settings.",Common mistake: reporting quick-test MCMC output as if it were a converged publication analysis.,"Recorded in used_config.yml, reproducible_script/ and diagnostics/session_info.txt; affects model objects and convergence tables.",Reviewer note: state whether settings are quick-test or inferential and report convergence diagnostics.
boral,boral_ssvs_traitsindex,textInput,prior.control$ssvs.traitsindex,input data / species traits,prior.control$ssvs.traitsindex supplies species-level attributes. Trait rows must match response species names exactly before trait-mediated effects are interpreted.,"Check dimensions, IDs, missing values, factor/numeric coercion and whether rows/columns match the response data before fitting.","Common mistake: uploading a table with an accidental ID column, mismatched row order or all-character numeric columns.",Copied to inputs/ and data/; summarized in diagnostics/data_check_messages.csv and standard/output_manifest.csv.,"boral: record the setting when it affects fitting, output or interpretation."
boral,boral_traits_file,fileInput,traits.csv  - species traits,input data / species traits,traits.csv  - species traits supplies species-level attributes. Trait rows must match response species names exactly before trait-mediated effects are interpreted.,"Check dimensions, IDs, missing values, factor/numeric coercion and whether rows/columns match the response data before fitting.","Common mistake: uploading a table with an accidental ID column, mismatched row order or all-character numeric columns.",Copied to inputs/ and data/; summarized in diagnostics/data_check_messages.csv and standard/output_manifest.csv.,"boral: record the setting when it affects fitting, output or interpretation."
boral,boral_traits_intercept_warning,checkboxInput,traits matrix has no intercept,input data / species traits,traits matrix has no intercept supplies species-level attributes. Trait rows must match response species names exactly before trait-mediated effects are interpreted.,"Check dimensions, IDs, missing values, factor/numeric coercion and whether rows/columns match the response data before fitting.","Common mistake: uploading a table with an accidental ID column, mismatched row order or all-character numeric columns.",Copied to inputs/ and data/; summarized in diagnostics/data_check_messages.csv and standard/output_manifest.csv.,"boral: record the setting when it affects fitting, output or interpretation."
boral,boral_trial_size,synced_numeric_slider,trial.size,input data / auxiliary file,trial.size is an auxiliary input for boral. It must use the same site/species identifiers as the primary response and predictor files.,"Check dimensions, IDs, missing values, factor/numeric coercion and whether rows/columns match the response data before fitting.","Common mistake: uploading a table with an accidental ID column, mismatched row order or all-character numeric columns.",Copied to inputs/ and data/; summarized in diagnostics/data_check_messages.csv and standard/output_manifest.csv.,"boral: record the setting when it affects fitting, output or interpretation."
boral,boral_trials_file,fileInput,trial.size.csv  - optional binomial trials,input data / auxiliary file,trial.size.csv  - optional binomial trials is an auxiliary input for boral. It must use the same site/species identifiers as the primary response and predictor files.,"Check dimensions, IDs, missing values, factor/numeric coercion and whether rows/columns match the response data before fitting.","Common mistake: uploading a table with an accidental ID column, mismatched row order or all-character numeric columns.",Copied to inputs/ and data/; summarized in diagnostics/data_check_messages.csv and standard/output_manifest.csv.,"boral: record the setting when it affects fitting, output or interpretation."
boral,boral_use_offset,checkboxInput,Use offset,input data / auxiliary file,Use offset is an auxiliary input for boral. It must use the same site/species identifiers as the primary response and predictor files.,"Check dimensions, IDs, missing values, factor/numeric coercion and whether rows/columns match the response data before fitting.","Common mistake: uploading a table with an accidental ID column, mismatched row order or all-character numeric columns.",Copied to inputs/ and data/; summarized in diagnostics/data_check_messages.csv and standard/output_manifest.csv.,"boral: record the setting when it affects fitting, output or interpretation."
boral,boral_use_ranef,checkboxInput,Use response-specific random intercepts,input data / response matrix,Use response-specific random intercepts defines the observed ecological response for boral. Rows should be sampling units and columns should be species/responses unless the workflow explicitly uses long or detection-array input.,"Check dimensions, IDs, missing values, factor/numeric coercion and whether rows/columns match the response data before fitting.","Common mistake: uploading a table with an accidental ID column, mismatched row order or all-character numeric columns.",Copied to inputs/ and data/; summarized in diagnostics/data_check_messages.csv and standard/output_manifest.csv.,"boral: record the setting when it affects fitting, output or interpretation."
boral,boral_use_ssvs,checkboxInput,Use SSVS variable selection,general workflow setting,Use SSVS variable selection modifies boral workflow behaviour. Record it because GUI choices should be recoverable from used_config.yml and reproducible scripts.,Check that this setting is recorded in used_config.yml and that its meaning is documented in the report.,Common mistake: changing this setting without preserving it in the reproducible configuration.,Recorded in configuration and shown in reports when relevant.,"boral: record the setting when it affects fitting, output or interpretation."
boral,boral_use_traits,checkboxInput,Use traits,input data / species traits,Use traits supplies species-level attributes. Trait rows must match response species names exactly before trait-mediated effects are interpreted.,"Check dimensions, IDs, missing values, factor/numeric coercion and whether rows/columns match the response data before fitting.","Common mistake: uploading a table with an accidental ID column, mismatched row order or all-character numeric columns.",Copied to inputs/ and data/; summarized in diagnostics/data_check_messages.csv and standard/output_manifest.csv.,"boral: record the setting when it affects fitting, output or interpretation."
boral,boral_which_traits,textInput,which.traits,input data / species traits,which.traits supplies species-level attributes. Trait rows must match response species names exactly before trait-mediated effects are interpreted.,"Check dimensions, IDs, missing values, factor/numeric coercion and whether rows/columns match the response data before fitting.","Common mistake: uploading a table with an accidental ID column, mismatched row order or all-character numeric columns.",Copied to inputs/ and data/; summarized in diagnostics/data_check_messages.csv and standard/output_manifest.csv.,"boral: record the setting when it affects fitting, output or interpretation."
jSDM,jsdm_Id_sites,textInput,Id_sites,project metadata / guidance,Id_sites records the scientific context and helps recommendation logic. It guides interpretation but does not replace formal data checks or model diagnostics.,Check that this setting is recorded in used_config.yml and that its meaning is documented in the report.,Common mistake: changing this setting without preserving it in the reproducible configuration.,Recorded in configuration and shown in reports when relevant.,"jSDM: record the setting when it affects fitting, output or interpretation."
jSDM,jsdm_Id_species,textInput,Id_species,project metadata / guidance,Id_species records the scientific context and helps recommendation logic. It guides interpretation but does not replace formal data checks or model diagnostics.,Check that this setting is recorded in used_config.yml and that its meaning is documented in the report.,Common mistake: changing this setting without preserving it in the reproducible configuration.,Recorded in configuration and shown in reports when relevant.,"jSDM: record the setting when it affects fitting, output or interpretation."
jSDM,jsdm_V_alpha,numericInput,V_alpha,random effect / spatial / latent structure,"V_alpha controls residual dependence, grouping, spatial covariance or latent factors. These parameters affect interpretation of associations and should not be treated as direct species interactions without caution.","Check grouping columns, coordinates, distance matrices, duplicated locations and whether the selected structure is identifiable for the data size.",Common mistake: interpreting residual association or latent factors as direct biological interaction.,"Recorded in used_config.yml and affects associations_long.csv, diagnostics, plots and model-specific random/spatial outputs.",Reviewer note: association parameters are engine-specific and should be labelled by scale and association_type.
jSDM,jsdm_V_beta,numericInput,V_beta,response family / likelihood,"V_beta chooses how observations are linked to the latent ecological process. Binary, count, continuous, beta, ordinal and mixed-scale responses require different valid data ranges.","Check that response values satisfy the selected family: 0/1 for binary, non-negative integers for counts, continuous numeric values for Gaussian, valid bounded values for beta/ordinal settings.",Common mistake: allowing a model to run with a family that does not match the response scale.,"Recorded in used_config.yml and affects standard/run_summary.csv, fit_metrics.csv and predictions_long.csv.","jSDM: record the setting when it affects fitting, output or interpretation."
jSDM,jsdm_V_gamma,numericInput,V_gamma,general workflow setting,V_gamma modifies jSDM workflow behaviour. Record it because GUI choices should be recoverable from used_config.yml and reproducible scripts.,Check that this setting is recorded in used_config.yml and that its meaning is documented in the report.,Common mistake: changing this setting without preserving it in the reproducible configuration.,Recorded in configuration and shown in reports when relevant.,"jSDM: record the setting when it affects fitting, output or interpretation."
jSDM,jsdm_V_lambda,numericInput,V_lambda,general workflow setting,V_lambda modifies jSDM workflow behaviour. Record it because GUI choices should be recoverable from used_config.yml and reproducible scripts.,Check that this setting is recorded in used_config.yml and that its meaning is documented in the report.,Common mistake: changing this setting without preserving it in the reproducible configuration.,Recorded in configuration and shown in reports when relevant.,"jSDM: record the setting when it affects fitting, output or interpretation."
jSDM,jsdm_V_start,numericInput,V_start,general workflow setting,V_start modifies jSDM workflow behaviour. Record it because GUI choices should be recoverable from used_config.yml and reproducible scripts.,Check that this setting is recorded in used_config.yml and that its meaning is documented in the report.,Common mistake: changing this setting without preserving it in the reproducible configuration.,Recorded in configuration and shown in reports when relevant.,"jSDM: record the setting when it affects fitting, output or interpretation."
jSDM,jsdm_W_start,numericInput,W_start,general workflow setting,W_start modifies jSDM workflow behaviour. Record it because GUI choices should be recoverable from used_config.yml and reproducible scripts.,Check that this setting is recorded in used_config.yml and that its meaning is documented in the report.,Common mistake: changing this setting without preserving it in the reproducible configuration.,Recorded in configuration and shown in reports when relevant.,"jSDM: record the setting when it affects fitting, output or interpretation."
jSDM,jsdm_X_file,fileInput,XData.csv  - jSDM site_data,input data / environmental predictors,"XData.csv  - jSDM site_data supplies site-level covariates. Rows must align with the response data, numeric-looking columns should be numeric, and intended categorical predictors should be handled as factors.","Check dimensions, IDs, missing values, factor/numeric coercion and whether rows/columns match the response data before fitting.","Common mistake: uploading a table with an accidental ID column, mismatched row order or all-character numeric columns.",Copied to inputs/ and data/; summarized in diagnostics/data_check_messages.csv and standard/output_manifest.csv.,"jSDM: record the setting when it affects fitting, output or interpretation."
jSDM,jsdm_Y_file,fileInput,Y.csv  - jSDM response matrix,input data / response matrix,Y.csv  - jSDM response matrix defines the observed ecological response for jSDM. Rows should be sampling units and columns should be species/responses unless the workflow explicitly uses long or detection-array input.,"Check dimensions, IDs, missing values, factor/numeric coercion and whether rows/columns match the response data before fitting.","Common mistake: uploading a table with an accidental ID column, mismatched row order or all-character numeric columns.",Copied to inputs/ and data/; summarized in diagnostics/data_check_messages.csv and standard/output_manifest.csv.,"jSDM: record the setting when it affects fitting, output or interpretation."
jSDM,jsdm_allow_traits,checkboxInput,Allow trait_data / trait_formula,input data / species traits,Allow trait_data / trait_formula supplies species-level attributes. Trait rows must match response species names exactly before trait-mediated effects are interpreted.,"Check dimensions, IDs, missing values, factor/numeric coercion and whether rows/columns match the response data before fitting.","Common mistake: uploading a table with an accidental ID column, mismatched row order or all-character numeric columns.",Copied to inputs/ and data/; summarized in diagnostics/data_check_messages.csv and standard/output_manifest.csv.,"jSDM: record the setting when it affects fitting, output or interpretation."
jSDM,jsdm_alpha_start,numericInput,alpha_start,random effect / spatial / latent structure,"alpha_start controls residual dependence, grouping, spatial covariance or latent factors. These parameters affect interpretation of associations and should not be treated as direct species interactions without caution.","Check grouping columns, coordinates, distance matrices, duplicated locations and whether the selected structure is identifiable for the data size.",Common mistake: interpreting residual association or latent factors as direct biological interaction.,"Recorded in used_config.yml and affects associations_long.csv, diagnostics, plots and model-specific random/spatial outputs.",Reviewer note: association parameters are engine-specific and should be labelled by scale and association_type.
jSDM,jsdm_beta_start,numericInput,beta_start,response family / likelihood,"beta_start chooses how observations are linked to the latent ecological process. Binary, count, continuous, beta, ordinal and mixed-scale responses require different valid data ranges.","Check that response values satisfy the selected family: 0/1 for binary, non-negative integers for counts, continuous numeric values for Gaussian, valid bounded values for beta/ordinal settings.",Common mistake: allowing a model to run with a family that does not match the response scale.,"Recorded in used_config.yml and affects standard/run_summary.csv, fit_metrics.csv and predictions_long.csv.","jSDM: record the setting when it affects fitting, output or interpretation."
jSDM,jsdm_burnin,synced_numeric_slider,burnin,MCMC / optimization / prior control,"burnin controls computation rather than the ecological data itself. Quick values are for smoke tests; real inference needs longer runs, convergence checks and documented priors.","Check chains, burn-in/transient, thinning, seed, parallel settings and diagnostics; quick-test values are not publication settings.",Common mistake: reporting quick-test MCMC output as if it were a converged publication analysis.,"Recorded in used_config.yml, reproducible_script/ and diagnostics/session_info.txt; affects model objects and convergence tables.",Reviewer note: state whether settings are quick-test or inferential and report convergence diagnostics.
jSDM,jsdm_check,actionButton,Check jSDM data,workflow action / reproducibility output,"Check jSDM data triggers checking, fitting, comparison or export. It should leave a clear status, diagnostics and real downloadable files rather than silent or empty placeholders.","Check that the action writes engine_status.json, standard tables, reports, scripts and a non-empty ZIP when applicable.","Common mistake: accepting Completed, empty ZIP or missing diagnostics as a successful run.","Controls workflow status, output folder creation, downloadable ZIPs and reports.","jSDM: record the setting when it affects fitting, output or interpretation."
jSDM,jsdm_coda_summary,checkboxInput,coda summaries,general workflow setting,coda summaries modifies jSDM workflow behaviour. Record it because GUI choices should be recoverable from used_config.yml and reproducible scripts.,Check that this setting is recorded in used_config.yml and that its meaning is documented in the report.,Common mistake: changing this setting without preserving it in the reproducible configuration.,Recorded in configuration and shown in reports when relevant.,"jSDM: record the setting when it affects fitting, output or interpretation."
jSDM,jsdm_constrained_latent,checkboxInput,Use constrained probit latent model,response family / likelihood,"Use constrained probit latent model chooses how observations are linked to the latent ecological process. Binary, count, continuous, beta, ordinal and mixed-scale responses require different valid data ranges.","Check that response values satisfy the selected family: 0/1 for binary, non-negative integers for counts, continuous numeric values for Gaussian, valid bounded values for beta/ordinal settings.",Common mistake: allowing a model to run with a family that does not match the response scale.,"Recorded in used_config.yml and affects standard/run_summary.csv, fit_metrics.csv and predictions_long.csv.","jSDM: record the setting when it affects fitting, output or interpretation."
jSDM,jsdm_constrained_nchains,synced_numeric_slider,constrained preliminary chains,MCMC / optimization / prior control,"constrained preliminary chains controls computation rather than the ecological data itself. Quick values are for smoke tests; real inference needs longer runs, convergence checks and documented priors.","Check chains, burn-in/transient, thinning, seed, parallel settings and diagnostics; quick-test values are not publication settings.",Common mistake: reporting quick-test MCMC output as if it were a converged publication analysis.,"Recorded in used_config.yml, reproducible_script/ and diagnostics/session_info.txt; affects model objects and convergence tables.",Reviewer note: state whether settings are quick-test or inferential and report convergence diagnostics.
jSDM,jsdm_cor_prob,synced_numeric_slider,correlation HPD probability,general workflow setting,correlation HPD probability modifies jSDM workflow behaviour. Record it because GUI choices should be recoverable from used_config.yml and reproducible scripts.,Check that this setting is recorded in used_config.yml and that its meaning is documented in the report.,Common mistake: changing this setting without preserving it in the reproducible configuration.,Recorded in configuration and shown in reports when relevant.,"jSDM: record the setting when it affects fitting, output or interpretation."
jSDM,jsdm_cor_type,selectInput,correlation estimate type,general workflow setting,correlation estimate type modifies jSDM workflow behaviour. Record it because GUI choices should be recoverable from used_config.yml and reproducible scripts.,Check that this setting is recorded in used_config.yml and that its meaning is documented in the report.,Common mistake: changing this setting without preserving it in the reproducible configuration.,Recorded in configuration and shown in reports when relevant.,"jSDM: record the setting when it affects fitting, output or interpretation."
jSDM,jsdm_diag_V,checkboxInput,Trace/density residual V,general workflow setting,Trace/density residual V modifies jSDM workflow behaviour. Record it because GUI choices should be recoverable from used_config.yml and reproducible scripts.,Check that this setting is recorded in used_config.yml and that its meaning is documented in the report.,Common mistake: changing this setting without preserving it in the reproducible configuration.,Recorded in configuration and shown in reports when relevant.,"jSDM: record the setting when it affects fitting, output or interpretation."
jSDM,jsdm_diag_Valpha,checkboxInput,Trace/density V_alpha,random effect / spatial / latent structure,"Trace/density V_alpha controls residual dependence, grouping, spatial covariance or latent factors. These parameters affect interpretation of associations and should not be treated as direct species interactions without caution.","Check grouping columns, coordinates, distance matrices, duplicated locations and whether the selected structure is identifiable for the data size.",Common mistake: interpreting residual association or latent factors as direct biological interaction.,"Recorded in used_config.yml and affects associations_long.csv, diagnostics, plots and model-specific random/spatial outputs.",Reviewer note: association parameters are engine-specific and should be labelled by scale and association_type.
jSDM,jsdm_diag_W,checkboxInput,Trace/density W,general workflow setting,Trace/density W modifies jSDM workflow behaviour. Record it because GUI choices should be recoverable from used_config.yml and reproducible scripts.,Check that this setting is recorded in used_config.yml and that its meaning is documented in the report.,Common mistake: changing this setting without preserving it in the reproducible configuration.,Recorded in configuration and shown in reports when relevant.,"jSDM: record the setting when it affects fitting, output or interpretation."
jSDM,jsdm_diag_alpha,checkboxInput,Trace/density alpha,random effect / spatial / latent structure,"Trace/density alpha controls residual dependence, grouping, spatial covariance or latent factors. These parameters affect interpretation of associations and should not be treated as direct species interactions without caution.","Check grouping columns, coordinates, distance matrices, duplicated locations and whether the selected structure is identifiable for the data size.",Common mistake: interpreting residual association or latent factors as direct biological interaction.,"Recorded in used_config.yml and affects associations_long.csv, diagnostics, plots and model-specific random/spatial outputs.",Reviewer note: association parameters are engine-specific and should be labelled by scale and association_type.
jSDM,jsdm_diag_beta,checkboxInput,Trace/density beta,response family / likelihood,"Trace/density beta chooses how observations are linked to the latent ecological process. Binary, count, continuous, beta, ordinal and mixed-scale responses require different valid data ranges.","Check that response values satisfy the selected family: 0/1 for binary, non-negative integers for counts, continuous numeric values for Gaussian, valid bounded values for beta/ordinal settings.",Common mistake: allowing a model to run with a family that does not match the response scale.,"Recorded in used_config.yml and affects standard/run_summary.csv, fit_metrics.csv and predictions_long.csv.","jSDM: record the setting when it affects fitting, output or interpretation."
jSDM,jsdm_diag_deviance,checkboxInput,Trace/density deviance,general workflow setting,Trace/density deviance modifies jSDM workflow behaviour. Record it because GUI choices should be recoverable from used_config.yml and reproducible scripts.,Check that this setting is recorded in used_config.yml and that its meaning is documented in the report.,Common mistake: changing this setting without preserving it in the reproducible configuration.,Recorded in configuration and shown in reports when relevant.,"jSDM: record the setting when it affects fitting, output or interpretation."
jSDM,jsdm_diag_lambda,checkboxInput,Trace/density lambda,general workflow setting,Trace/density lambda modifies jSDM workflow behaviour. Record it because GUI choices should be recoverable from used_config.yml and reproducible scripts.,Check that this setting is recorded in used_config.yml and that its meaning is documented in the report.,Common mistake: changing this setting without preserving it in the reproducible configuration.,Recorded in configuration and shown in reports when relevant.,"jSDM: record the setting when it affects fitting, output or interpretation."
jSDM,jsdm_do_predict,checkboxInput,Run predict.jSDM,workflow action / reproducibility output,"Run predict.jSDM triggers checking, fitting, comparison or export. It should leave a clear status, diagnostics and real downloadable files rather than silent or empty placeholders.","Check that the action writes engine_status.json, standard tables, reports, scripts and a non-empty ZIP when applicable.","Common mistake: accepting Completed, empty ZIP or missing diagnostics as a successful run.","Controls workflow status, output folder creation, downloadable ZIPs and reports.","jSDM: record the setting when it affects fitting, output or interpretation."
jSDM,jsdm_download,downloadButton,Download jSDM ZIP,workflow action / reproducibility output,"Download jSDM ZIP triggers checking, fitting, comparison or export. It should leave a clear status, diagnostics and real downloadable files rather than silent or empty placeholders.","Check that the action writes engine_status.json, standard tables, reports, scripts and a non-empty ZIP when applicable.","Common mistake: accepting Completed, empty ZIP or missing diagnostics as a successful run.","Controls workflow status, output folder creation, downloadable ZIPs and reports.","jSDM: record the setting when it affects fitting, output or interpretation."
jSDM,jsdm_gamma_start,numericInput,gamma_start,general workflow setting,gamma_start modifies jSDM workflow behaviour. Record it because GUI choices should be recoverable from used_config.yml and reproducible scripts.,Check that this setting is recorded in used_config.yml and that its meaning is documented in the report.,Common mistake: changing this setting without preserving it in the reproducible configuration.,Recorded in configuration and shown in reports when relevant.,"jSDM: record the setting when it affects fitting, output or interpretation."
jSDM,jsdm_include_intercept,checkboxInput,Include intercept in site_formula,model formula / covariate design,Include intercept in site_formula controls which predictors enter the model. Every variable named in the formula must exist in the corresponding data table after cleaning and factor conversion.,"Check that every formula variable exists, has variation and is encoded as intended after categorical conversion.","Common mistake: using ~ . without noticing unsuitable ID, coordinate or leakage columns.","Recorded in used_config.yml and affects effects_long.csv, effects_species_environment.csv and model-specific coefficient tables.","jSDM: record the setting when it affects fitting, output or interpretation."
jSDM,jsdm_lambda_start,numericInput,lambda_start,general workflow setting,lambda_start modifies jSDM workflow behaviour. Record it because GUI choices should be recoverable from used_config.yml and reproducible scripts.,Check that this setting is recorded in used_config.yml and that its meaning is documented in the report.,Common mistake: changing this setting without preserving it in the reproducible configuration.,Recorded in configuration and shown in reports when relevant.,"jSDM: record the setting when it affects fitting, output or interpretation."
jSDM,jsdm_long_file,fileInput,long_format.csv  - optional long-format data,input data / auxiliary file,long_format.csv  - optional long-format data is an auxiliary input for jSDM. It must use the same site/species identifiers as the primary response and predictor files.,"Check dimensions, IDs, missing values, factor/numeric coercion and whether rows/columns match the response data before fitting.","Common mistake: uploading a table with an accidental ID column, mismatched row order or all-character numeric columns.",Copied to inputs/ and data/; summarized in diagnostics/data_check_messages.csv and standard/output_manifest.csv.,"jSDM: record the setting when it affects fitting, output or interpretation."
jSDM,jsdm_long_response_col,textInput,long format response column,general workflow setting,long format response column modifies jSDM workflow behaviour. Record it because GUI choices should be recoverable from used_config.yml and reproducible scripts.,Check that this setting is recorded in used_config.yml and that its meaning is documented in the report.,Common mistake: changing this setting without preserving it in the reproducible configuration.,Recorded in configuration and shown in reports when relevant.,"jSDM: record the setting when it affects fitting, output or interpretation."
jSDM,jsdm_long_site_col,textInput,long format site column,general workflow setting,long format site column modifies jSDM workflow behaviour. Record it because GUI choices should be recoverable from used_config.yml and reproducible scripts.,Check that this setting is recorded in used_config.yml and that its meaning is documented in the report.,Common mistake: changing this setting without preserving it in the reproducible configuration.,Recorded in configuration and shown in reports when relevant.,"jSDM: record the setting when it affects fitting, output or interpretation."
jSDM,jsdm_long_species_col,textInput,long format species column,project metadata / guidance,long format species column records the scientific context and helps recommendation logic. It guides interpretation but does not replace formal data checks or model diagnostics.,Check that this setting is recorded in used_config.yml and that its meaning is documented in the report.,Common mistake: changing this setting without preserving it in the reproducible configuration.,Recorded in configuration and shown in reports when relevant.,"jSDM: record the setting when it affects fitting, output or interpretation."
jSDM,jsdm_mcmc,synced_numeric_slider,mcmc,MCMC / optimization / prior control,"mcmc controls computation rather than the ecological data itself. Quick values are for smoke tests; real inference needs longer runs, convergence checks and documented priors.","Check chains, burn-in/transient, thinning, seed, parallel settings and diagnostics; quick-test values are not publication settings.",Common mistake: reporting quick-test MCMC output as if it were a converged publication analysis.,"Recorded in used_config.yml, reproducible_script/ and diagnostics/session_info.txt; affects model objects and convergence tables.",Reviewer note: state whether settings are quick-test or inferential and report convergence diagnostics.
jSDM,jsdm_model_type,selectInput,model_type,general workflow setting,model_type modifies jSDM workflow behaviour. Record it because GUI choices should be recoverable from used_config.yml and reproducible scripts.,Check that this setting is recorded in used_config.yml and that its meaning is documented in the report.,Common mistake: changing this setting without preserving it in the reproducible configuration.,Recorded in configuration and shown in reports when relevant.,"jSDM: record the setting when it affects fitting, output or interpretation."
jSDM,jsdm_mu_beta,numericInput,mu_beta,response family / likelihood,"mu_beta chooses how observations are linked to the latent ecological process. Binary, count, continuous, beta, ordinal and mixed-scale responses require different valid data ranges.","Check that response values satisfy the selected family: 0/1 for binary, non-negative integers for counts, continuous numeric values for Gaussian, valid bounded values for beta/ordinal settings.",Common mistake: allowing a model to run with a family that does not match the response scale.,"Recorded in used_config.yml and affects standard/run_summary.csv, fit_metrics.csv and predictions_long.csv.","jSDM: record the setting when it affects fitting, output or interpretation."
jSDM,jsdm_mu_gamma,numericInput,mu_gamma,general workflow setting,mu_gamma modifies jSDM workflow behaviour. Record it because GUI choices should be recoverable from used_config.yml and reproducible scripts.,Check that this setting is recorded in used_config.yml and that its meaning is documented in the report.,Common mistake: changing this setting without preserving it in the reproducible configuration.,Recorded in configuration and shown in reports when relevant.,"jSDM: record the setting when it affects fitting, output or interpretation."
jSDM,jsdm_mu_lambda,numericInput,mu_lambda,general workflow setting,mu_lambda modifies jSDM workflow behaviour. Record it because GUI choices should be recoverable from used_config.yml and reproducible scripts.,Check that this setting is recorded in used_config.yml and that its meaning is documented in the report.,Common mistake: changing this setting without preserving it in the reproducible configuration.,Recorded in configuration and shown in reports when relevant.,"jSDM: record the setting when it affects fitting, output or interpretation."
jSDM,jsdm_n_latent,synced_numeric_slider,n_latent,random effect / spatial / latent structure,"n_latent controls residual dependence, grouping, spatial covariance or latent factors. These parameters affect interpretation of associations and should not be treated as direct species interactions without caution.","Check grouping columns, coordinates, distance matrices, duplicated locations and whether the selected structure is identifiable for the data size.",Common mistake: interpreting residual association or latent factors as direct biological interaction.,"Recorded in used_config.yml and affects associations_long.csv, diagnostics, plots and model-specific random/spatial outputs.",Reviewer note: association parameters are engine-specific and should be labelled by scale and association_type.
jSDM,jsdm_newdata_file,fileInput,newdata.csv  - optional prediction covariates,input data / environmental predictors,"newdata.csv  - optional prediction covariates supplies site-level covariates. Rows must align with the response data, numeric-looking columns should be numeric, and intended categorical predictors should be handled as factors.","Check dimensions, IDs, missing values, factor/numeric coercion and whether rows/columns match the response data before fitting.","Common mistake: uploading a table with an accidental ID column, mismatched row order or all-character numeric columns.",Copied to inputs/ and data/; summarized in diagnostics/data_check_messages.csv and standard/output_manifest.csv.,"jSDM: record the setting when it affects fitting, output or interpretation."
jSDM,jsdm_out_config,checkboxInput,Save jSDM used_config.yml,general workflow setting,Save jSDM used_config.yml modifies jSDM workflow behaviour. Record it because GUI choices should be recoverable from used_config.yml and reproducible scripts.,Check that this setting is recorded in used_config.yml and that its meaning is documented in the report.,Common mistake: changing this setting without preserving it in the reproducible configuration.,Recorded in configuration and shown in reports when relevant.,"jSDM: record the setting when it affects fitting, output or interpretation."
jSDM,jsdm_out_copy_inputs,checkboxInput,Copy jSDM input files to output folder,input data / auxiliary file,Copy jSDM input files to output folder is an auxiliary input for jSDM. It must use the same site/species identifiers as the primary response and predictor files.,"Check dimensions, IDs, missing values, factor/numeric coercion and whether rows/columns match the response data before fitting.","Common mistake: uploading a table with an accidental ID column, mismatched row order or all-character numeric columns.",Copied to inputs/ and data/; summarized in diagnostics/data_check_messages.csv and standard/output_manifest.csv.,"jSDM: record the setting when it affects fitting, output or interpretation."
jSDM,jsdm_out_csv_tables,checkboxInput,Save CSV summary tables,input data / auxiliary file,Save CSV summary tables is an auxiliary input for jSDM. It must use the same site/species identifiers as the primary response and predictor files.,"Check dimensions, IDs, missing values, factor/numeric coercion and whether rows/columns match the response data before fitting.","Common mistake: uploading a table with an accidental ID column, mismatched row order or all-character numeric columns.",Copied to inputs/ and data/; summarized in diagnostics/data_check_messages.csv and standard/output_manifest.csv.,"jSDM: record the setting when it affects fitting, output or interpretation."
jSDM,jsdm_out_env,checkboxInput,Environmental correlations,general workflow setting,Environmental correlations modifies jSDM workflow behaviour. Record it because GUI choices should be recoverable from used_config.yml and reproducible scripts.,Check that this setting is recorded in used_config.yml and that its meaning is documented in the report.,Common mistake: changing this setting without preserving it in the reproducible configuration.,Recorded in configuration and shown in reports when relevant.,"jSDM: record the setting when it affects fitting, output or interpretation."
jSDM,jsdm_out_figures,checkboxInput,Save figure PDFs/PNGs,general workflow setting,Save figure PDFs/PNGs modifies jSDM workflow behaviour. Record it because GUI choices should be recoverable from used_config.yml and reproducible scripts.,Check that this setting is recorded in used_config.yml and that its meaning is documented in the report.,Common mistake: changing this setting without preserving it in the reproducible configuration.,Recorded in configuration and shown in reports when relevant.,"jSDM: record the setting when it affects fitting, output or interpretation."
jSDM,jsdm_out_mcmc_rds,checkboxInput,Save MCMC objects as RDS,MCMC / optimization / prior control,"Save MCMC objects as RDS controls computation rather than the ecological data itself. Quick values are for smoke tests; real inference needs longer runs, convergence checks and documented priors.","Check chains, burn-in/transient, thinning, seed, parallel settings and diagnostics; quick-test values are not publication settings.",Common mistake: reporting quick-test MCMC output as if it were a converged publication analysis.,"Recorded in used_config.yml, reproducible_script/ and diagnostics/session_info.txt; affects model objects and convergence tables.",Reviewer note: state whether settings are quick-test or inferential and report convergence diagnostics.
jSDM,jsdm_out_model,checkboxInput,Save jSDM model object,general workflow setting,Save jSDM model object modifies jSDM workflow behaviour. Record it because GUI choices should be recoverable from used_config.yml and reproducible scripts.,Check that this setting is recorded in used_config.yml and that its meaning is documented in the report.,Common mistake: changing this setting without preserving it in the reproducible configuration.,Recorded in configuration and shown in reports when relevant.,"jSDM: record the setting when it affects fitting, output or interpretation."
jSDM,jsdm_out_pred,checkboxInput,Predictions,diagnostics / prediction / output selection,"Predictions decides which fit, prediction, diagnostic or plotting artifacts are written. These outputs support review only when status files and standard tables are also present.","Check that the requested outputs are compatible with fitted status, response scale and available package functions.",Common mistake: comparing metrics produced on different response scales or validation folds.,"Controls diagnostics/, plots/, predictions/, results/, report/ and standard/*.csv artifacts.","jSDM: record the setting when it affects fitting, output or interpretation."
jSDM,jsdm_out_report,checkboxInput,Generate jSDM HTML report,workflow action / reproducibility output,"Generate jSDM HTML report triggers checking, fitting, comparison or export. It should leave a clear status, diagnostics and real downloadable files rather than silent or empty placeholders.","Check that the action writes engine_status.json, standard tables, reports, scripts and a non-empty ZIP when applicable.","Common mistake: accepting Completed, empty ZIP or missing diagnostics as a successful run.","Controls workflow status, output folder creation, downloadable ZIPs and reports.","jSDM: record the setting when it affects fitting, output or interpretation."
jSDM,jsdm_out_resid,checkboxInput,Residual correlations,general workflow setting,Residual correlations modifies jSDM workflow behaviour. Record it because GUI choices should be recoverable from used_config.yml and reproducible scripts.,Check that this setting is recorded in used_config.yml and that its meaning is documented in the report.,Common mistake: changing this setting without preserving it in the reproducible configuration.,Recorded in configuration and shown in reports when relevant.,"jSDM: record the setting when it affects fitting, output or interpretation."
jSDM,jsdm_out_trace,checkboxInput,Traceplots and density plots,diagnostics / prediction / output selection,"Traceplots and density plots decides which fit, prediction, diagnostic or plotting artifacts are written. These outputs support review only when status files and standard tables are also present.","Check that the requested outputs are compatible with fitted status, response scale and available package functions.",Common mistake: comparing metrics produced on different response scales or validation folds.,"Controls diagnostics/, plots/, predictions/, results/, report/ and standard/*.csv artifacts.","jSDM: record the setting when it affects fitting, output or interpretation."
jSDM,jsdm_out_zip,checkboxInput,Create jSDM output ZIP,workflow action / reproducibility output,"Create jSDM output ZIP triggers checking, fitting, comparison or export. It should leave a clear status, diagnostics and real downloadable files rather than silent or empty placeholders.","Check that the action writes engine_status.json, standard tables, reports, scripts and a non-empty ZIP when applicable.","Common mistake: accepting Completed, empty ZIP or missing diagnostics as a successful run.","Controls workflow status, output folder creation, downloadable ZIPs and reports.","jSDM: record the setting when it affects fitting, output or interpretation."
jSDM,jsdm_plot_associations,checkboxInput,plot_associations,diagnostics / prediction / output selection,"plot_associations decides which fit, prediction, diagnostic or plotting artifacts are written. These outputs support review only when status files and standard tables are also present.","Check that the requested outputs are compatible with fitted status, response scale and available package functions.",Common mistake: comparing metrics produced on different response scales or validation folds.,"Controls diagnostics/, plots/, predictions/, results/, report/ and standard/*.csv artifacts.","jSDM: record the setting when it affects fitting, output or interpretation."
jSDM,jsdm_plot_residual_cor,checkboxInput,plot_residual_cor,diagnostics / prediction / output selection,"plot_residual_cor decides which fit, prediction, diagnostic or plotting artifacts are written. These outputs support review only when status files and standard tables are also present.","Check that the requested outputs are compatible with fitted status, response scale and available package functions.",Common mistake: comparing metrics produced on different response scales or validation folds.,"Controls diagnostics/, plots/, predictions/, results/, report/ and standard/*.csv artifacts.","jSDM: record the setting when it affects fitting, output or interpretation."
jSDM,jsdm_predict_max_sites,synced_numeric_slider,max prediction sites,diagnostics / prediction / output selection,"max prediction sites decides which fit, prediction, diagnostic or plotting artifacts are written. These outputs support review only when status files and standard tables are also present.","Check that the requested outputs are compatible with fitted status, response scale and available package functions.",Common mistake: comparing metrics produced on different response scales or validation folds.,"Controls diagnostics/, plots/, predictions/, results/, report/ and standard/*.csv artifacts.","jSDM: record the setting when it affects fitting, output or interpretation."
jSDM,jsdm_predict_probs,textInput,probs for quantile,general workflow setting,probs for quantile modifies jSDM workflow behaviour. Record it because GUI choices should be recoverable from used_config.yml and reproducible scripts.,Check that this setting is recorded in used_config.yml and that its meaning is documented in the report.,Common mistake: changing this setting without preserving it in the reproducible configuration.,Recorded in configuration and shown in reports when relevant.,"jSDM: record the setting when it affects fitting, output or interpretation."
jSDM,jsdm_predict_type,selectInput,prediction type,diagnostics / prediction / output selection,"prediction type decides which fit, prediction, diagnostic or plotting artifacts are written. These outputs support review only when status files and standard tables are also present.","Check that the requested outputs are compatible with fitted status, response scale and available package functions.",Common mistake: comparing metrics produced on different response scales or validation folds.,"Controls diagnostics/, plots/, predictions/, results/, report/ and standard/*.csv artifacts.","jSDM: record the setting when it affects fitting, output or interpretation."
jSDM,jsdm_prediction_histograms,checkboxInput,Prediction histograms,diagnostics / prediction / output selection,"Prediction histograms decides which fit, prediction, diagnostic or plotting artifacts are written. These outputs support review only when status files and standard tables are also present.","Check that the requested outputs are compatible with fitted status, response scale and available package functions.",Common mistake: comparing metrics produced on different response scales or validation folds.,"Controls diagnostics/, plots/, predictions/, results/, report/ and standard/*.csv artifacts.","jSDM: record the setting when it affects fitting, output or interpretation."
jSDM,jsdm_prediction_ids_file,fileInput,prediction_ids.csv  - optional site/species IDs,input data / prediction covariates,"prediction_ids.csv  - optional site/species IDs controls predictions at held-out or new sites. Its columns, factor levels and coordinate conventions must match the fitted model inputs.","Check dimensions, IDs, missing values, factor/numeric coercion and whether rows/columns match the response data before fitting.","Common mistake: uploading a table with an accidental ID column, mismatched row order or all-character numeric columns.",Copied to inputs/ and data/; summarized in diagnostics/data_check_messages.csv and standard/output_manifest.csv.,"jSDM: record the setting when it affects fitting, output or interpretation."
jSDM,jsdm_preset,selectInput,Preset,general workflow setting,Preset modifies jSDM workflow behaviour. Record it because GUI choices should be recoverable from used_config.yml and reproducible scripts.,Check that this setting is recorded in used_config.yml and that its meaning is documented in the report.,Common mistake: changing this setting without preserving it in the reproducible configuration.,Recorded in configuration and shown in reports when relevant.,"jSDM: record the setting when it affects fitting, output or interpretation."
jSDM,jsdm_rate_V,numericInput,rate_V,general workflow setting,rate_V modifies jSDM workflow behaviour. Record it because GUI choices should be recoverable from used_config.yml and reproducible scripts.,Check that this setting is recorded in used_config.yml and that its meaning is documented in the report.,Common mistake: changing this setting without preserving it in the reproducible configuration.,Recorded in configuration and shown in reports when relevant.,"jSDM: record the setting when it affects fitting, output or interpretation."
jSDM,jsdm_rate_Valpha,numericInput,rate_Valpha,random effect / spatial / latent structure,"rate_Valpha controls residual dependence, grouping, spatial covariance or latent factors. These parameters affect interpretation of associations and should not be treated as direct species interactions without caution.","Check grouping columns, coordinates, distance matrices, duplicated locations and whether the selected structure is identifiable for the data size.",Common mistake: interpreting residual association or latent factors as direct biological interaction.,"Recorded in used_config.yml and affects associations_long.csv, diagnostics, plots and model-specific random/spatial outputs.",Reviewer note: association parameters are engine-specific and should be labelled by scale and association_type.
jSDM,jsdm_real_fit,checkboxInput,Run real jSDM package fit,diagnostics / prediction / output selection,"Run real jSDM package fit decides which fit, prediction, diagnostic or plotting artifacts are written. These outputs support review only when status files and standard tables are also present.","Check that the requested outputs are compatible with fitted status, response scale and available package functions.",Common mistake: comparing metrics produced on different response scales or validation folds.,"Controls diagnostics/, plots/, predictions/, results/, report/ and standard/*.csv artifacts.","jSDM: record the setting when it affects fitting, output or interpretation."
jSDM,jsdm_response_argument,selectInput,response argument mapping,general workflow setting,response argument mapping modifies jSDM workflow behaviour. Record it because GUI choices should be recoverable from used_config.yml and reproducible scripts.,Check that this setting is recorded in used_config.yml and that its meaning is documented in the report.,Common mistake: changing this setting without preserving it in the reproducible configuration.,Recorded in configuration and shown in reports when relevant.,"jSDM: record the setting when it affects fitting, output or interpretation."
jSDM,jsdm_ropt,synced_numeric_slider,ropt,general workflow setting,ropt modifies jSDM workflow behaviour. Record it because GUI choices should be recoverable from used_config.yml and reproducible scripts.,Check that this setting is recorded in used_config.yml and that its meaning is documented in the report.,Common mistake: changing this setting without preserving it in the reproducible configuration.,Recorded in configuration and shown in reports when relevant.,"jSDM: record the setting when it affects fitting, output or interpretation."
jSDM,jsdm_run,actionButton,Run jSDM workflow,workflow action / reproducibility output,"Run jSDM workflow triggers checking, fitting, comparison or export. It should leave a clear status, diagnostics and real downloadable files rather than silent or empty placeholders.","Check that the action writes engine_status.json, standard tables, reports, scripts and a non-empty ZIP when applicable.","Common mistake: accepting Completed, empty ZIP or missing diagnostics as a successful run.","Controls workflow status, output folder creation, downloadable ZIPs and reports.","jSDM: record the setting when it affects fitting, output or interpretation."
jSDM,jsdm_scale_site_data,checkboxInput,Scale continuous site_data,general workflow setting,Scale continuous site_data modifies jSDM workflow behaviour. Record it because GUI choices should be recoverable from used_config.yml and reproducible scripts.,Check that this setting is recorded in used_config.yml and that its meaning is documented in the report.,Common mistake: changing this setting without preserving it in the reproducible configuration.,Recorded in configuration and shown in reports when relevant.,"jSDM: record the setting when it affects fitting, output or interpretation."
jSDM,jsdm_seed,synced_numeric_slider,seed,MCMC / optimization / prior control,"seed controls computation rather than the ecological data itself. Quick values are for smoke tests; real inference needs longer runs, convergence checks and documented priors.","Check chains, burn-in/transient, thinning, seed, parallel settings and diagnostics; quick-test values are not publication settings.",Common mistake: reporting quick-test MCMC output as if it were a converged publication analysis.,"Recorded in used_config.yml, reproducible_script/ and diagnostics/session_info.txt; affects model objects and convergence tables.",Reviewer note: state whether settings are quick-test or inferential and report convergence diagnostics.
jSDM,jsdm_shape_V,numericInput,shape_V,general workflow setting,shape_V modifies jSDM workflow behaviour. Record it because GUI choices should be recoverable from used_config.yml and reproducible scripts.,Check that this setting is recorded in used_config.yml and that its meaning is documented in the report.,Common mistake: changing this setting without preserving it in the reproducible configuration.,Recorded in configuration and shown in reports when relevant.,"jSDM: record the setting when it affects fitting, output or interpretation."
jSDM,jsdm_shape_Valpha,numericInput,shape_Valpha,random effect / spatial / latent structure,"shape_Valpha controls residual dependence, grouping, spatial covariance or latent factors. These parameters affect interpretation of associations and should not be treated as direct species interactions without caution.","Check grouping columns, coordinates, distance matrices, duplicated locations and whether the selected structure is identifiable for the data size.",Common mistake: interpreting residual association or latent factors as direct biological interaction.,"Recorded in used_config.yml and affects associations_long.csv, diagnostics, plots and model-specific random/spatial outputs.",Reviewer note: association parameters are engine-specific and should be labelled by scale and association_type.
jSDM,jsdm_site_effect,selectInput,site_effect,general workflow setting,site_effect modifies jSDM workflow behaviour. Record it because GUI choices should be recoverable from used_config.yml and reproducible scripts.,Check that this setting is recorded in used_config.yml and that its meaning is documented in the report.,Common mistake: changing this setting without preserving it in the reproducible configuration.,Recorded in configuration and shown in reports when relevant.,"jSDM: record the setting when it affects fitting, output or interpretation."
jSDM,jsdm_site_formula,textInput,site_formula,model formula / covariate design,site_formula controls which predictors enter the model. Every variable named in the formula must exist in the corresponding data table after cleaning and factor conversion.,"Check that every formula variable exists, has variation and is encoded as intended after categorical conversion.","Common mistake: using ~ . without noticing unsuitable ID, coordinate or leakage columns.","Recorded in used_config.yml and affects effects_long.csv, effects_species_environment.csv and model-specific coefficient tables.","jSDM: record the setting when it affects fitting, output or interpretation."
jSDM,jsdm_table_alpha,checkboxInput,alpha summary table,random effect / spatial / latent structure,"alpha summary table controls residual dependence, grouping, spatial covariance or latent factors. These parameters affect interpretation of associations and should not be treated as direct species interactions without caution.","Check grouping columns, coordinates, distance matrices, duplicated locations and whether the selected structure is identifiable for the data size.",Common mistake: interpreting residual association or latent factors as direct biological interaction.,"Recorded in used_config.yml and affects associations_long.csv, diagnostics, plots and model-specific random/spatial outputs.",Reviewer note: association parameters are engine-specific and should be labelled by scale and association_type.
jSDM,jsdm_table_beta,checkboxInput,beta summary table,response family / likelihood,"beta summary table chooses how observations are linked to the latent ecological process. Binary, count, continuous, beta, ordinal and mixed-scale responses require different valid data ranges.","Check that response values satisfy the selected family: 0/1 for binary, non-negative integers for counts, continuous numeric values for Gaussian, valid bounded values for beta/ordinal settings.",Common mistake: allowing a model to run with a family that does not match the response scale.,"Recorded in used_config.yml and affects standard/run_summary.csv, fit_metrics.csv and predictions_long.csv.","jSDM: record the setting when it affects fitting, output or interpretation."
jSDM,jsdm_table_gamma,checkboxInput,gamma summary table,general workflow setting,gamma summary table modifies jSDM workflow behaviour. Record it because GUI choices should be recoverable from used_config.yml and reproducible scripts.,Check that this setting is recorded in used_config.yml and that its meaning is documented in the report.,Common mistake: changing this setting without preserving it in the reproducible configuration.,Recorded in configuration and shown in reports when relevant.,"jSDM: record the setting when it affects fitting, output or interpretation."
jSDM,jsdm_table_lambda,checkboxInput,lambda summary table,general workflow setting,lambda summary table modifies jSDM workflow behaviour. Record it because GUI choices should be recoverable from used_config.yml and reproducible scripts.,Check that this setting is recorded in used_config.yml and that its meaning is documented in the report.,Common mistake: changing this setting without preserving it in the reproducible configuration.,Recorded in configuration and shown in reports when relevant.,"jSDM: record the setting when it affects fitting, output or interpretation."
jSDM,jsdm_table_model_spec,checkboxInput,model_spec table,general workflow setting,model_spec table modifies jSDM workflow behaviour. Record it because GUI choices should be recoverable from used_config.yml and reproducible scripts.,Check that this setting is recorded in used_config.yml and that its meaning is documented in the report.,Common mistake: changing this setting without preserving it in the reproducible configuration.,Recorded in configuration and shown in reports when relevant.,"jSDM: record the setting when it affects fitting, output or interpretation."
jSDM,jsdm_table_predictions,checkboxInput,prediction table,diagnostics / prediction / output selection,"prediction table decides which fit, prediction, diagnostic or plotting artifacts are written. These outputs support review only when status files and standard tables are also present.","Check that the requested outputs are compatible with fitted status, response scale and available package functions.",Common mistake: comparing metrics produced on different response scales or validation folds.,"Controls diagnostics/, plots/, predictions/, results/, report/ and standard/*.csv artifacts.","jSDM: record the setting when it affects fitting, output or interpretation."
jSDM,jsdm_thin,synced_numeric_slider,thin,MCMC / optimization / prior control,"thin controls computation rather than the ecological data itself. Quick values are for smoke tests; real inference needs longer runs, convergence checks and documented priors.","Check chains, burn-in/transient, thinning, seed, parallel settings and diagnostics; quick-test values are not publication settings.",Common mistake: reporting quick-test MCMC output as if it were a converged publication analysis.,"Recorded in used_config.yml, reproducible_script/ and diagnostics/session_info.txt; affects model objects and convergence tables.",Reviewer note: state whether settings are quick-test or inferential and report convergence diagnostics.
jSDM,jsdm_trait_file,fileInput,trait_data.csv  - optional traits,input data / species traits,trait_data.csv  - optional traits supplies species-level attributes. Trait rows must match response species names exactly before trait-mediated effects are interpreted.,"Check dimensions, IDs, missing values, factor/numeric coercion and whether rows/columns match the response data before fitting.","Common mistake: uploading a table with an accidental ID column, mismatched row order or all-character numeric columns.",Copied to inputs/ and data/; summarized in diagnostics/data_check_messages.csv and standard/output_manifest.csv.,"jSDM: record the setting when it affects fitting, output or interpretation."
jSDM,jsdm_trait_formula,textInput,trait_formula,model formula / covariate design,trait_formula controls which predictors enter the model. Every variable named in the formula must exist in the corresponding data table after cleaning and factor conversion.,"Check that every formula variable exists, has variation and is encoded as intended after categorical conversion.","Common mistake: using ~ . without noticing unsuitable ID, coordinate or leakage columns.","Recorded in used_config.yml and affects effects_long.csv, effects_species_environment.csv and model-specific coefficient tables.","jSDM: record the setting when it affects fitting, output or interpretation."
jSDM,jsdm_trials,synced_numeric_slider,trials,input data / auxiliary file,trials is an auxiliary input for jSDM. It must use the same site/species identifiers as the primary response and predictor files.,"Check dimensions, IDs, missing values, factor/numeric coercion and whether rows/columns match the response data before fitting.","Common mistake: uploading a table with an accidental ID column, mismatched row order or all-character numeric columns.",Copied to inputs/ and data/; summarized in diagnostics/data_check_messages.csv and standard/output_manifest.csv.,"jSDM: record the setting when it affects fitting, output or interpretation."
jSDM,jsdm_trials_file,fileInput,trials.csv  - optional binomial trials,input data / auxiliary file,trials.csv  - optional binomial trials is an auxiliary input for jSDM. It must use the same site/species identifiers as the primary response and predictor files.,"Check dimensions, IDs, missing values, factor/numeric coercion and whether rows/columns match the response data before fitting.","Common mistake: uploading a table with an accidental ID column, mismatched row order or all-character numeric columns.",Copied to inputs/ and data/; summarized in diagnostics/data_check_messages.csv and standard/output_manifest.csv.,"jSDM: record the setting when it affects fitting, output or interpretation."
jSDM,jsdm_verbose,synced_numeric_slider,verbose,MCMC / optimization / prior control,"verbose controls computation rather than the ecological data itself. Quick values are for smoke tests; real inference needs longer runs, convergence checks and documented priors.","Check chains, burn-in/transient, thinning, seed, parallel settings and diagnostics; quick-test values are not publication settings.",Common mistake: reporting quick-test MCMC output as if it were a converged publication analysis.,"Recorded in used_config.yml, reproducible_script/ and diagnostics/session_info.txt; affects model objects and convergence tables.",Reviewer note: state whether settings are quick-test or inferential and report convergence diagnostics.
sjSDM,sjsdm_Y_file,fileInput,Y.csv  - response matrix,input data / response matrix,Y.csv  - response matrix defines the observed ecological response for sjSDM. Rows should be sampling units and columns should be species/responses unless the workflow explicitly uses long or detection-array input.,"Check dimensions, IDs, missing values, factor/numeric coercion and whether rows/columns match the response data before fitting.","Common mistake: uploading a table with an accidental ID column, mismatched row order or all-character numeric columns.",Copied to inputs/ and data/; summarized in diagnostics/data_check_messages.csv and standard/output_manifest.csv.,"sjSDM: record the setting when it affects fitting, output or interpretation."
sjSDM,sjsdm_activation,selectInput,DNN activation,general workflow setting,DNN activation modifies sjSDM workflow behaviour. Record it because GUI choices should be recoverable from used_config.yml and reproducible scripts.,Check that this setting is recorded in used_config.yml and that its meaning is documented in the report.,Common mistake: changing this setting without preserving it in the reproducible configuration.,Recorded in configuration and shown in reports when relevant.,"sjSDM: record the setting when it affects fitting, output or interpretation."
sjSDM,sjsdm_anova_samples,synced_numeric_slider,ANOVA samples,MCMC / optimization / prior control,"ANOVA samples controls computation rather than the ecological data itself. Quick values are for smoke tests; real inference needs longer runs, convergence checks and documented priors.","Check chains, burn-in/transient, thinning, seed, parallel settings and diagnostics; quick-test values are not publication settings.",Common mistake: reporting quick-test MCMC output as if it were a converged publication analysis.,"Recorded in used_config.yml, reproducible_script/ and diagnostics/session_info.txt; affects model objects and convergence tables.",Reviewer note: state whether settings are quick-test or inferential and report convergence diagnostics.
sjSDM,sjsdm_assembly_predictor,textInput,assembly predictor,model formula / covariate design,assembly predictor controls which predictors enter the model. Every variable named in the formula must exist in the corresponding data table after cleaning and factor conversion.,"Check that every formula variable exists, has variation and is encoded as intended after categorical conversion.","Common mistake: using ~ . without noticing unsuitable ID, coordinate or leakage columns.","Recorded in used_config.yml and affects effects_long.csv, effects_species_environment.csv and model-specific coefficient tables.","sjSDM: record the setting when it affects fitting, output or interpretation."
sjSDM,sjsdm_bias,checkboxInput,DNN bias,general workflow setting,DNN bias modifies sjSDM workflow behaviour. Record it because GUI choices should be recoverable from used_config.yml and reproducible scripts.,Check that this setting is recorded in used_config.yml and that its meaning is documented in the report.,Common mistake: changing this setting without preserving it in the reproducible configuration.,Recorded in configuration and shown in reports when relevant.,"sjSDM: record the setting when it affects fitting, output or interpretation."
sjSDM,sjsdm_biotic_alpha,synced_numeric_slider,biotic alpha,random effect / spatial / latent structure,"biotic alpha controls residual dependence, grouping, spatial covariance or latent factors. These parameters affect interpretation of associations and should not be treated as direct species interactions without caution.","Check grouping columns, coordinates, distance matrices, duplicated locations and whether the selected structure is identifiable for the data size.",Common mistake: interpreting residual association or latent factors as direct biological interaction.,"Recorded in used_config.yml and affects associations_long.csv, diagnostics, plots and model-specific random/spatial outputs.",Reviewer note: association parameters are engine-specific and should be labelled by scale and association_type.
sjSDM,sjsdm_biotic_df,numericInput,biotic df,general workflow setting,biotic df modifies sjSDM workflow behaviour. Record it because GUI choices should be recoverable from used_config.yml and reproducible scripts.,Check that this setting is recorded in used_config.yml and that its meaning is documented in the report.,Common mistake: changing this setting without preserving it in the reproducible configuration.,Recorded in configuration and shown in reports when relevant.,"sjSDM: record the setting when it affects fitting, output or interpretation."
sjSDM,sjsdm_biotic_lambda,synced_numeric_slider,biotic lambda,general workflow setting,biotic lambda modifies sjSDM workflow behaviour. Record it because GUI choices should be recoverable from used_config.yml and reproducible scripts.,Check that this setting is recorded in used_config.yml and that its meaning is documented in the report.,Common mistake: changing this setting without preserving it in the reproducible configuration.,Recorded in configuration and shown in reports when relevant.,"sjSDM: record the setting when it affects fitting, output or interpretation."
sjSDM,sjsdm_check,actionButton,Check sjSDM data,workflow action / reproducibility output,"Check sjSDM data triggers checking, fitting, comparison or export. It should leave a clear status, diagnostics and real downloadable files rather than silent or empty placeholders.","Check that the action writes engine_status.json, standard tables, reports, scripts and a non-empty ZIP when applicable.","Common mistake: accepting Completed, empty ZIP or missing diagnostics as a successful run.","Controls workflow status, output folder creation, downloadable ZIPs and reports.","sjSDM: record the setting when it affects fitting, output or interpretation."
sjSDM,sjsdm_cv_file,fileInput,folds.csv  - optional CV folds,input data / auxiliary file,folds.csv  - optional CV folds is an auxiliary input for sjSDM. It must use the same site/species identifiers as the primary response and predictor files.,"Check dimensions, IDs, missing values, factor/numeric coercion and whether rows/columns match the response data before fitting.","Common mistake: uploading a table with an accidental ID column, mismatched row order or all-character numeric columns.",Copied to inputs/ and data/; summarized in diagnostics/data_check_messages.csv and standard/output_manifest.csv.,"sjSDM: record the setting when it affects fitting, output or interpretation."
sjSDM,sjsdm_cv_k,synced_numeric_slider,CV folds,diagnostics / prediction / output selection,"CV folds decides which fit, prediction, diagnostic or plotting artifacts are written. These outputs support review only when status files and standard tables are also present.","Check that the requested outputs are compatible with fitted status, response scale and available package functions.",Common mistake: comparing metrics produced on different response scales or validation folds.,"Controls diagnostics/, plots/, predictions/, results/, report/ and standard/*.csv artifacts.","sjSDM: record the setting when it affects fitting, output or interpretation."
sjSDM,sjsdm_device,selectInput,device,general workflow setting,device modifies sjSDM workflow behaviour. Record it because GUI choices should be recoverable from used_config.yml and reproducible scripts.,Check that this setting is recorded in used_config.yml and that its meaning is documented in the report.,Common mistake: changing this setting without preserving it in the reproducible configuration.,Recorded in configuration and shown in reports when relevant.,"sjSDM: record the setting when it affects fitting, output or interpretation."
sjSDM,sjsdm_dnn_hidden,textInput,DNN hidden layers,general workflow setting,DNN hidden layers modifies sjSDM workflow behaviour. Record it because GUI choices should be recoverable from used_config.yml and reproducible scripts.,Check that this setting is recorded in used_config.yml and that its meaning is documented in the report.,Common mistake: changing this setting without preserving it in the reproducible configuration.,Recorded in configuration and shown in reports when relevant.,"sjSDM: record the setting when it affects fitting, output or interpretation."
sjSDM,sjsdm_do_anova,checkboxInput,Run anova.sjSDM,workflow action / reproducibility output,"Run anova.sjSDM triggers checking, fitting, comparison or export. It should leave a clear status, diagnostics and real downloadable files rather than silent or empty placeholders.","Check that the action writes engine_status.json, standard tables, reports, scripts and a non-empty ZIP when applicable.","Common mistake: accepting Completed, empty ZIP or missing diagnostics as a successful run.","Controls workflow status, output folder creation, downloadable ZIPs and reports.","sjSDM: record the setting when it affects fitting, output or interpretation."
sjSDM,sjsdm_do_assembly,checkboxInput,Run plotAssemblyEffects,diagnostics / prediction / output selection,"Run plotAssemblyEffects decides which fit, prediction, diagnostic or plotting artifacts are written. These outputs support review only when status files and standard tables are also present.","Check that the requested outputs are compatible with fitted status, response scale and available package functions.",Common mistake: comparing metrics produced on different response scales or validation folds.,"Controls diagnostics/, plots/, predictions/, results/, report/ and standard/*.csv artifacts.","sjSDM: record the setting when it affects fitting, output or interpretation."
sjSDM,sjsdm_do_coef,checkboxInput,Save coef,general workflow setting,Save coef modifies sjSDM workflow behaviour. Record it because GUI choices should be recoverable from used_config.yml and reproducible scripts.,Check that this setting is recorded in used_config.yml and that its meaning is documented in the report.,Common mistake: changing this setting without preserving it in the reproducible configuration.,Recorded in configuration and shown in reports when relevant.,"sjSDM: record the setting when it affects fitting, output or interpretation."
sjSDM,sjsdm_do_cov_cor,checkboxInput,Save getCov / getCor,general workflow setting,Save getCov / getCor modifies sjSDM workflow behaviour. Record it because GUI choices should be recoverable from used_config.yml and reproducible scripts.,Check that this setting is recorded in used_config.yml and that its meaning is documented in the report.,Common mistake: changing this setting without preserving it in the reproducible configuration.,Recorded in configuration and shown in reports when relevant.,"sjSDM: record the setting when it affects fitting, output or interpretation."
sjSDM,sjsdm_do_importance,checkboxInput,Run getImportance / importance,workflow action / reproducibility output,"Run getImportance / importance triggers checking, fitting, comparison or export. It should leave a clear status, diagnostics and real downloadable files rather than silent or empty placeholders.","Check that the action writes engine_status.json, standard tables, reports, scripts and a non-empty ZIP when applicable.","Common mistake: accepting Completed, empty ZIP or missing diagnostics as a successful run.","Controls workflow status, output folder creation, downloadable ZIPs and reports.","sjSDM: record the setting when it affects fitting, output or interpretation."
sjSDM,sjsdm_do_internal,checkboxInput,Run internalStructure,workflow action / reproducibility output,"Run internalStructure triggers checking, fitting, comparison or export. It should leave a clear status, diagnostics and real downloadable files rather than silent or empty placeholders.","Check that the action writes engine_status.json, standard tables, reports, scripts and a non-empty ZIP when applicable.","Common mistake: accepting Completed, empty ZIP or missing diagnostics as a successful run.","Controls workflow status, output folder creation, downloadable ZIPs and reports.","sjSDM: record the setting when it affects fitting, output or interpretation."
sjSDM,sjsdm_do_plots,checkboxInput,Save plots,diagnostics / prediction / output selection,"Save plots decides which fit, prediction, diagnostic or plotting artifacts are written. These outputs support review only when status files and standard tables are also present.","Check that the requested outputs are compatible with fitted status, response scale and available package functions.",Common mistake: comparing metrics produced on different response scales or validation folds.,"Controls diagnostics/, plots/, predictions/, results/, report/ and standard/*.csv artifacts.","sjSDM: record the setting when it affects fitting, output or interpretation."
sjSDM,sjsdm_do_predict,checkboxInput,Run predict.sjSDM,workflow action / reproducibility output,"Run predict.sjSDM triggers checking, fitting, comparison or export. It should leave a clear status, diagnostics and real downloadable files rather than silent or empty placeholders.","Check that the action writes engine_status.json, standard tables, reports, scripts and a non-empty ZIP when applicable.","Common mistake: accepting Completed, empty ZIP or missing diagnostics as a successful run.","Controls workflow status, output folder creation, downloadable ZIPs and reports.","sjSDM: record the setting when it affects fitting, output or interpretation."
sjSDM,sjsdm_do_residuals,checkboxInput,Save residuals,general workflow setting,Save residuals modifies sjSDM workflow behaviour. Record it because GUI choices should be recoverable from used_config.yml and reproducible scripts.,Check that this setting is recorded in used_config.yml and that its meaning is documented in the report.,Common mistake: changing this setting without preserving it in the reproducible configuration.,Recorded in configuration and shown in reports when relevant.,"sjSDM: record the setting when it affects fitting, output or interpretation."
sjSDM,sjsdm_do_rsquared,checkboxInput,Run Rsquared,workflow action / reproducibility output,"Run Rsquared triggers checking, fitting, comparison or export. It should leave a clear status, diagnostics and real downloadable files rather than silent or empty placeholders.","Check that the action writes engine_status.json, standard tables, reports, scripts and a non-empty ZIP when applicable.","Common mistake: accepting Completed, empty ZIP or missing diagnostics as a successful run.","Controls workflow status, output folder creation, downloadable ZIPs and reports.","sjSDM: record the setting when it affects fitting, output or interpretation."
sjSDM,sjsdm_do_weights,checkboxInput,Save DNN weights,general workflow setting,Save DNN weights modifies sjSDM workflow behaviour. Record it because GUI choices should be recoverable from used_config.yml and reproducible scripts.,Check that this setting is recorded in used_config.yml and that its meaning is documented in the report.,Common mistake: changing this setting without preserving it in the reproducible configuration.,Recorded in configuration and shown in reports when relevant.,"sjSDM: record the setting when it affects fitting, output or interpretation."
sjSDM,sjsdm_download,downloadButton,Download sjSDM ZIP,workflow action / reproducibility output,"Download sjSDM ZIP triggers checking, fitting, comparison or export. It should leave a clear status, diagnostics and real downloadable files rather than silent or empty placeholders.","Check that the action writes engine_status.json, standard tables, reports, scripts and a non-empty ZIP when applicable.","Common mistake: accepting Completed, empty ZIP or missing diagnostics as a successful run.","Controls workflow status, output folder creation, downloadable ZIPs and reports.","sjSDM: record the setting when it affects fitting, output or interpretation."
sjSDM,sjsdm_dropout,synced_numeric_slider,dropout,general workflow setting,dropout modifies sjSDM workflow behaviour. Record it because GUI choices should be recoverable from used_config.yml and reproducible scripts.,Check that this setting is recorded in used_config.yml and that its meaning is documented in the report.,Common mistake: changing this setting without preserving it in the reproducible configuration.,Recorded in configuration and shown in reports when relevant.,"sjSDM: record the setting when it affects fitting, output or interpretation."
sjSDM,sjsdm_dtype,selectInput,dtype,general workflow setting,dtype modifies sjSDM workflow behaviour. Record it because GUI choices should be recoverable from used_config.yml and reproducible scripts.,Check that this setting is recorded in used_config.yml and that its meaning is documented in the report.,Common mistake: changing this setting without preserving it in the reproducible configuration.,Recorded in configuration and shown in reports when relevant.,"sjSDM: record the setting when it affects fitting, output or interpretation."
sjSDM,sjsdm_early_stopping,synced_numeric_slider,control$early_stopping_training,general workflow setting,control$early_stopping_training modifies sjSDM workflow behaviour. Record it because GUI choices should be recoverable from used_config.yml and reproducible scripts.,Check that this setting is recorded in used_config.yml and that its meaning is documented in the report.,Common mistake: changing this setting without preserving it in the reproducible configuration.,Recorded in configuration and shown in reports when relevant.,"sjSDM: record the setting when it affects fitting, output or interpretation."
sjSDM,sjsdm_env_alpha,synced_numeric_slider,env alpha,random effect / spatial / latent structure,"env alpha controls residual dependence, grouping, spatial covariance or latent factors. These parameters affect interpretation of associations and should not be treated as direct species interactions without caution.","Check grouping columns, coordinates, distance matrices, duplicated locations and whether the selected structure is identifiable for the data size.",Common mistake: interpreting residual association or latent factors as direct biological interaction.,"Recorded in used_config.yml and affects associations_long.csv, diagnostics, plots and model-specific random/spatial outputs.",Reviewer note: association parameters are engine-specific and should be labelled by scale and association_type.
sjSDM,sjsdm_env_file,fileInput,env.csv / XData.csv  - environmental predictors,input data / environmental predictors,"env.csv / XData.csv  - environmental predictors supplies site-level covariates. Rows must align with the response data, numeric-looking columns should be numeric, and intended categorical predictors should be handled as factors.","Check dimensions, IDs, missing values, factor/numeric coercion and whether rows/columns match the response data before fitting.","Common mistake: uploading a table with an accidental ID column, mismatched row order or all-character numeric columns.",Copied to inputs/ and data/; summarized in diagnostics/data_check_messages.csv and standard/output_manifest.csv.,"sjSDM: record the setting when it affects fitting, output or interpretation."
sjSDM,sjsdm_env_formula,textInput,env formula,model formula / covariate design,env formula controls which predictors enter the model. Every variable named in the formula must exist in the corresponding data table after cleaning and factor conversion.,"Check that every formula variable exists, has variation and is encoded as intended after categorical conversion.","Common mistake: using ~ . without noticing unsuitable ID, coordinate or leakage columns.","Recorded in used_config.yml and affects effects_long.csv, effects_species_environment.csv and model-specific coefficient tables.","sjSDM: record the setting when it affects fitting, output or interpretation."
sjSDM,sjsdm_env_lambda,synced_numeric_slider,env lambda,general workflow setting,env lambda modifies sjSDM workflow behaviour. Record it because GUI choices should be recoverable from used_config.yml and reproducible scripts.,Check that this setting is recorded in used_config.yml and that its meaning is documented in the report.,Common mistake: changing this setting without preserving it in the reproducible configuration.,Recorded in configuration and shown in reports when relevant.,"sjSDM: record the setting when it affects fitting, output or interpretation."
sjSDM,sjsdm_env_model,selectInput,env module,general workflow setting,env module modifies sjSDM workflow behaviour. Record it because GUI choices should be recoverable from used_config.yml and reproducible scripts.,Check that this setting is recorded in used_config.yml and that its meaning is documented in the report.,Common mistake: changing this setting without preserving it in the reproducible configuration.,Recorded in configuration and shown in reports when relevant.,"sjSDM: record the setting when it affects fitting, output or interpretation."
sjSDM,sjsdm_family,selectInput,family,response family / likelihood,"family chooses how observations are linked to the latent ecological process. Binary, count, continuous, beta, ordinal and mixed-scale responses require different valid data ranges.","Check that response values satisfy the selected family: 0/1 for binary, non-negative integers for counts, continuous numeric values for Gaussian, valid bounded values for beta/ordinal settings.",Common mistake: allowing a model to run with a family that does not match the response scale.,"Recorded in used_config.yml and affects standard/run_summary.csv, fit_metrics.csv and predictions_long.csv.","sjSDM: record the setting when it affects fitting, output or interpretation."
sjSDM,sjsdm_generate_spatial_ev,checkboxInput,generateSpatialEV,random effect / spatial / latent structure,"generateSpatialEV controls residual dependence, grouping, spatial covariance or latent factors. These parameters affect interpretation of associations and should not be treated as direct species interactions without caution.","Check grouping columns, coordinates, distance matrices, duplicated locations and whether the selected structure is identifiable for the data size.",Common mistake: interpreting residual association or latent factors as direct biological interaction.,"Recorded in used_config.yml and affects associations_long.csv, diagnostics, plots and model-specific random/spatial outputs.",Reviewer note: association parameters are engine-specific and should be labelled by scale and association_type.
sjSDM,sjsdm_group_file,fileInput,species_groups.csv  - species grouping / colors,input data / auxiliary file,species_groups.csv  - species grouping / colors is an auxiliary input for sjSDM. It must use the same site/species identifiers as the primary response and predictor files.,"Check dimensions, IDs, missing values, factor/numeric coercion and whether rows/columns match the response data before fitting.","Common mistake: uploading a table with an accidental ID column, mismatched row order or all-character numeric columns.",Copied to inputs/ and data/; summarized in diagnostics/data_check_messages.csv and standard/output_manifest.csv.,"sjSDM: record the setting when it affects fitting, output or interpretation."
sjSDM,sjsdm_include_space_in_anova,checkboxInput,include space fraction in ANOVA,general workflow setting,include space fraction in ANOVA modifies sjSDM workflow behaviour. Record it because GUI choices should be recoverable from used_config.yml and reproducible scripts.,Check that this setting is recorded in used_config.yml and that its meaning is documented in the report.,Common mistake: changing this setting without preserving it in the reproducible configuration.,Recorded in configuration and shown in reports when relevant.,"sjSDM: record the setting when it affects fitting, output or interpretation."
sjSDM,sjsdm_internal_fractions,selectInput,internal fractions handling,general workflow setting,internal fractions handling modifies sjSDM workflow behaviour. Record it because GUI choices should be recoverable from used_config.yml and reproducible scripts.,Check that this setting is recorded in used_config.yml and that its meaning is documented in the report.,Common mistake: changing this setting without preserving it in the reproducible configuration.,Recorded in configuration and shown in reports when relevant.,"sjSDM: record the setting when it affects fitting, output or interpretation."
sjSDM,sjsdm_inverse,checkboxInput,regularize inverse covariance,diagnostics / prediction / output selection,"regularize inverse covariance decides which fit, prediction, diagnostic or plotting artifacts are written. These outputs support review only when status files and standard tables are also present.","Check that the requested outputs are compatible with fitted status, response scale and available package functions.",Common mistake: comparing metrics produced on different response scales or validation folds.,"Controls diagnostics/, plots/, predictions/, results/, report/ and standard/*.csv artifacts.","sjSDM: record the setting when it affects fitting, output or interpretation."
sjSDM,sjsdm_iter,synced_numeric_slider,iter,general workflow setting,iter modifies sjSDM workflow behaviour. Record it because GUI choices should be recoverable from used_config.yml and reproducible scripts.,Check that this setting is recorded in used_config.yml and that its meaning is documented in the report.,Common mistake: changing this setting without preserving it in the reproducible configuration.,Recorded in configuration and shown in reports when relevant.,"sjSDM: record the setting when it affects fitting, output or interpretation."
sjSDM,sjsdm_learning_rate,synced_numeric_slider,learning rate,general workflow setting,learning rate modifies sjSDM workflow behaviour. Record it because GUI choices should be recoverable from used_config.yml and reproducible scripts.,Check that this setting is recorded in used_config.yml and that its meaning is documented in the report.,Common mistake: changing this setting without preserving it in the reproducible configuration.,Recorded in configuration and shown in reports when relevant.,"sjSDM: record the setting when it affects fitting, output or interpretation."
sjSDM,sjsdm_lr_reduce_factor,synced_numeric_slider,control$lr_reduce_factor,random effect / spatial / latent structure,"control$lr_reduce_factor controls residual dependence, grouping, spatial covariance or latent factors. These parameters affect interpretation of associations and should not be treated as direct species interactions without caution.","Check grouping columns, coordinates, distance matrices, duplicated locations and whether the selected structure is identifiable for the data size.",Common mistake: interpreting residual association or latent factors as direct biological interaction.,"Recorded in used_config.yml and affects associations_long.csv, diagnostics, plots and model-specific random/spatial outputs.",Reviewer note: association parameters are engine-specific and should be labelled by scale and association_type.
sjSDM,sjsdm_mixed,checkboxInput,control$mixed half precision,general workflow setting,control$mixed half precision modifies sjSDM workflow behaviour. Record it because GUI choices should be recoverable from used_config.yml and reproducible scripts.,Check that this setting is recorded in used_config.yml and that its meaning is documented in the report.,Common mistake: changing this setting without preserving it in the reproducible configuration.,Recorded in configuration and shown in reports when relevant.,"sjSDM: record the setting when it affects fitting, output or interpretation."
sjSDM,sjsdm_newdata_file,fileInput,newdata.csv  - prediction environmental covariates,input data / environmental predictors,"newdata.csv  - prediction environmental covariates supplies site-level covariates. Rows must align with the response data, numeric-looking columns should be numeric, and intended categorical predictors should be handled as factors.","Check dimensions, IDs, missing values, factor/numeric coercion and whether rows/columns match the response data before fitting.","Common mistake: uploading a table with an accidental ID column, mismatched row order or all-character numeric columns.",Copied to inputs/ and data/; summarized in diagnostics/data_check_messages.csv and standard/output_manifest.csv.,"sjSDM: record the setting when it affects fitting, output or interpretation."
sjSDM,sjsdm_on_diag,checkboxInput,regularize on_diag,general workflow setting,regularize on_diag modifies sjSDM workflow behaviour. Record it because GUI choices should be recoverable from used_config.yml and reproducible scripts.,Check that this setting is recorded in used_config.yml and that its meaning is documented in the report.,Common mistake: changing this setting without preserving it in the reproducible configuration.,Recorded in configuration and shown in reports when relevant.,"sjSDM: record the setting when it affects fitting, output or interpretation."
sjSDM,sjsdm_optimizer,selectInput,optimizer,general workflow setting,optimizer modifies sjSDM workflow behaviour. Record it because GUI choices should be recoverable from used_config.yml and reproducible scripts.,Check that this setting is recorded in used_config.yml and that its meaning is documented in the report.,Common mistake: changing this setting without preserving it in the reproducible configuration.,Recorded in configuration and shown in reports when relevant.,"sjSDM: record the setting when it affects fitting, output or interpretation."
sjSDM,sjsdm_out_config,checkboxInput,Save sjSDM used_config.yml,general workflow setting,Save sjSDM used_config.yml modifies sjSDM workflow behaviour. Record it because GUI choices should be recoverable from used_config.yml and reproducible scripts.,Check that this setting is recorded in used_config.yml and that its meaning is documented in the report.,Common mistake: changing this setting without preserving it in the reproducible configuration.,Recorded in configuration and shown in reports when relevant.,"sjSDM: record the setting when it affects fitting, output or interpretation."
sjSDM,sjsdm_out_copy_inputs,checkboxInput,Copy sjSDM input files to output folder,input data / auxiliary file,Copy sjSDM input files to output folder is an auxiliary input for sjSDM. It must use the same site/species identifiers as the primary response and predictor files.,"Check dimensions, IDs, missing values, factor/numeric coercion and whether rows/columns match the response data before fitting.","Common mistake: uploading a table with an accidental ID column, mismatched row order or all-character numeric columns.",Copied to inputs/ and data/; summarized in diagnostics/data_check_messages.csv and standard/output_manifest.csv.,"sjSDM: record the setting when it affects fitting, output or interpretation."
sjSDM,sjsdm_out_report,checkboxInput,Generate sjSDM HTML report,workflow action / reproducibility output,"Generate sjSDM HTML report triggers checking, fitting, comparison or export. It should leave a clear status, diagnostics and real downloadable files rather than silent or empty placeholders.","Check that the action writes engine_status.json, standard tables, reports, scripts and a non-empty ZIP when applicable.","Common mistake: accepting Completed, empty ZIP or missing diagnostics as a successful run.","Controls workflow status, output folder creation, downloadable ZIPs and reports.","sjSDM: record the setting when it affects fitting, output or interpretation."
sjSDM,sjsdm_out_zip,checkboxInput,Create sjSDM output ZIP,workflow action / reproducibility output,"Create sjSDM output ZIP triggers checking, fitting, comparison or export. It should leave a clear status, diagnostics and real downloadable files rather than silent or empty placeholders.","Check that the action writes engine_status.json, standard tables, reports, scripts and a non-empty ZIP when applicable.","Common mistake: accepting Completed, empty ZIP or missing diagnostics as a successful run.","Controls workflow status, output folder creation, downloadable ZIPs and reports.","sjSDM: record the setting when it affects fitting, output or interpretation."
sjSDM,sjsdm_parallel,synced_numeric_slider,parallel data-loader workers,MCMC / optimization / prior control,"parallel data-loader workers controls computation rather than the ecological data itself. Quick values are for smoke tests; real inference needs longer runs, convergence checks and documented priors.","Check chains, burn-in/transient, thinning, seed, parallel settings and diagnostics; quick-test values are not publication settings.",Common mistake: reporting quick-test MCMC output as if it were a converged publication analysis.,"Recorded in used_config.yml, reproducible_script/ and diagnostics/session_info.txt; affects model objects and convergence tables.",Reviewer note: state whether settings are quick-test or inferential and report convergence diagnostics.
sjSDM,sjsdm_real_fit,checkboxInput,Run real sjSDM package fit,diagnostics / prediction / output selection,"Run real sjSDM package fit decides which fit, prediction, diagnostic or plotting artifacts are written. These outputs support review only when status files and standard tables are also present.","Check that the requested outputs are compatible with fitted status, response scale and available package functions.",Common mistake: comparing metrics produced on different response scales or validation folds.,"Controls diagnostics/, plots/, predictions/, results/, report/ and standard/*.csv artifacts.","sjSDM: record the setting when it affects fitting, output or interpretation."
sjSDM,sjsdm_reg_on_Cov,checkboxInput,reg_on_Cov,general workflow setting,reg_on_Cov modifies sjSDM workflow behaviour. Record it because GUI choices should be recoverable from used_config.yml and reproducible scripts.,Check that this setting is recorded in used_config.yml and that its meaning is documented in the report.,Common mistake: changing this setting without preserving it in the reproducible configuration.,Recorded in configuration and shown in reports when relevant.,"sjSDM: record the setting when it affects fitting, output or interpretation."
sjSDM,sjsdm_run,actionButton,Run sjSDM workflow,workflow action / reproducibility output,"Run sjSDM workflow triggers checking, fitting, comparison or export. It should leave a clear status, diagnostics and real downloadable files rather than silent or empty placeholders.","Check that the action writes engine_status.json, standard tables, reports, scripts and a non-empty ZIP when applicable.","Common mistake: accepting Completed, empty ZIP or missing diagnostics as a successful run.","Controls workflow status, output folder creation, downloadable ZIPs and reports.","sjSDM: record the setting when it affects fitting, output or interpretation."
sjSDM,sjsdm_sampling,synced_numeric_slider,sampling,general workflow setting,sampling modifies sjSDM workflow behaviour. Record it because GUI choices should be recoverable from used_config.yml and reproducible scripts.,Check that this setting is recorded in used_config.yml and that its meaning is documented in the report.,Common mistake: changing this setting without preserving it in the reproducible configuration.,Recorded in configuration and shown in reports when relevant.,"sjSDM: record the setting when it affects fitting, output or interpretation."
sjSDM,sjsdm_scheduler,synced_numeric_slider,control$scheduler,general workflow setting,control$scheduler modifies sjSDM workflow behaviour. Record it because GUI choices should be recoverable from used_config.yml and reproducible scripts.,Check that this setting is recorded in used_config.yml and that its meaning is documented in the report.,Common mistake: changing this setting without preserving it in the reproducible configuration.,Recorded in configuration and shown in reports when relevant.,"sjSDM: record the setting when it affects fitting, output or interpretation."
sjSDM,sjsdm_se,checkboxInput,se = TRUE,general workflow setting,se = TRUE modifies sjSDM workflow behaviour. Record it because GUI choices should be recoverable from used_config.yml and reproducible scripts.,Check that this setting is recorded in used_config.yml and that its meaning is documented in the report.,Common mistake: changing this setting without preserving it in the reproducible configuration.,Recorded in configuration and shown in reports when relevant.,"sjSDM: record the setting when it affects fitting, output or interpretation."
sjSDM,sjsdm_seed,synced_numeric_slider,seed,MCMC / optimization / prior control,"seed controls computation rather than the ecological data itself. Quick values are for smoke tests; real inference needs longer runs, convergence checks and documented priors.","Check chains, burn-in/transient, thinning, seed, parallel settings and diagnostics; quick-test values are not publication settings.",Common mistake: reporting quick-test MCMC output as if it were a converged publication analysis.,"Recorded in used_config.yml, reproducible_script/ and diagnostics/session_info.txt; affects model objects and convergence tables.",Reviewer note: state whether settings are quick-test or inferential and report convergence diagnostics.
sjSDM,sjsdm_spatial_alpha,synced_numeric_slider,spatial alpha,random effect / spatial / latent structure,"spatial alpha controls residual dependence, grouping, spatial covariance or latent factors. These parameters affect interpretation of associations and should not be treated as direct species interactions without caution.","Check grouping columns, coordinates, distance matrices, duplicated locations and whether the selected structure is identifiable for the data size.",Common mistake: interpreting residual association or latent factors as direct biological interaction.,"Recorded in used_config.yml and affects associations_long.csv, diagnostics, plots and model-specific random/spatial outputs.",Reviewer note: association parameters are engine-specific and should be labelled by scale and association_type.
sjSDM,sjsdm_spatial_ev_k,synced_numeric_slider,number of spatial eigenvectors,random effect / spatial / latent structure,"number of spatial eigenvectors controls residual dependence, grouping, spatial covariance or latent factors. These parameters affect interpretation of associations and should not be treated as direct species interactions without caution.","Check grouping columns, coordinates, distance matrices, duplicated locations and whether the selected structure is identifiable for the data size.",Common mistake: interpreting residual association or latent factors as direct biological interaction.,"Recorded in used_config.yml and affects associations_long.csv, diagnostics, plots and model-specific random/spatial outputs.",Reviewer note: association parameters are engine-specific and should be labelled by scale and association_type.
sjSDM,sjsdm_spatial_ev_threshold,synced_numeric_slider,generateSpatialEV threshold,random effect / spatial / latent structure,"generateSpatialEV threshold controls residual dependence, grouping, spatial covariance or latent factors. These parameters affect interpretation of associations and should not be treated as direct species interactions without caution.","Check grouping columns, coordinates, distance matrices, duplicated locations and whether the selected structure is identifiable for the data size.",Common mistake: interpreting residual association or latent factors as direct biological interaction.,"Recorded in used_config.yml and affects associations_long.csv, diagnostics, plots and model-specific random/spatial outputs.",Reviewer note: association parameters are engine-specific and should be labelled by scale and association_type.
sjSDM,sjsdm_spatial_file,fileInput,spatial.csv  - coordinates / spatial predictors,input data / environmental predictors,"spatial.csv  - coordinates / spatial predictors supplies site-level covariates. Rows must align with the response data, numeric-looking columns should be numeric, and intended categorical predictors should be handled as factors.","Check dimensions, IDs, missing values, factor/numeric coercion and whether rows/columns match the response data before fitting.","Common mistake: uploading a table with an accidental ID column, mismatched row order or all-character numeric columns.",Copied to inputs/ and data/; summarized in diagnostics/data_check_messages.csv and standard/output_manifest.csv.,"sjSDM: record the setting when it affects fitting, output or interpretation."
sjSDM,sjsdm_spatial_formula,textInput,spatial formula,model formula / covariate design,spatial formula controls which predictors enter the model. Every variable named in the formula must exist in the corresponding data table after cleaning and factor conversion.,"Check that every formula variable exists, has variation and is encoded as intended after categorical conversion.","Common mistake: using ~ . without noticing unsuitable ID, coordinate or leakage columns.","Recorded in used_config.yml and affects effects_long.csv, effects_species_environment.csv and model-specific coefficient tables.","sjSDM: record the setting when it affects fitting, output or interpretation."
sjSDM,sjsdm_spatial_lambda,synced_numeric_slider,spatial lambda,random effect / spatial / latent structure,"spatial lambda controls residual dependence, grouping, spatial covariance or latent factors. These parameters affect interpretation of associations and should not be treated as direct species interactions without caution.","Check grouping columns, coordinates, distance matrices, duplicated locations and whether the selected structure is identifiable for the data size.",Common mistake: interpreting residual association or latent factors as direct biological interaction.,"Recorded in used_config.yml and affects associations_long.csv, diagnostics, plots and model-specific random/spatial outputs.",Reviewer note: association parameters are engine-specific and should be labelled by scale and association_type.
sjSDM,sjsdm_spatial_model,selectInput,spatial module,random effect / spatial / latent structure,"spatial module controls residual dependence, grouping, spatial covariance or latent factors. These parameters affect interpretation of associations and should not be treated as direct species interactions without caution.","Check grouping columns, coordinates, distance matrices, duplicated locations and whether the selected structure is identifiable for the data size.",Common mistake: interpreting residual association or latent factors as direct biological interaction.,"Recorded in used_config.yml and affects associations_long.csv, diagnostics, plots and model-specific random/spatial outputs.",Reviewer note: association parameters are engine-specific and should be labelled by scale and association_type.
sjSDM,sjsdm_spatial_new_file,fileInput,new_spatial.csv  - prediction spatial covariates,input data / environmental predictors,"new_spatial.csv  - prediction spatial covariates supplies site-level covariates. Rows must align with the response data, numeric-looking columns should be numeric, and intended categorical predictors should be handled as factors.","Check dimensions, IDs, missing values, factor/numeric coercion and whether rows/columns match the response data before fitting.","Common mistake: uploading a table with an accidental ID column, mismatched row order or all-character numeric columns.",Copied to inputs/ and data/; summarized in diagnostics/data_check_messages.csv and standard/output_manifest.csv.,"sjSDM: record the setting when it affects fitting, output or interpretation."
sjSDM,sjsdm_step_size,synced_numeric_slider,step_size / batch size,MCMC / optimization / prior control,"step_size / batch size controls computation rather than the ecological data itself. Quick values are for smoke tests; real inference needs longer runs, convergence checks and documented priors.","Check chains, burn-in/transient, thinning, seed, parallel settings and diagnostics; quick-test values are not publication settings.",Common mistake: reporting quick-test MCMC output as if it were a converged publication analysis.,"Recorded in used_config.yml, reproducible_script/ and diagnostics/session_info.txt; affects model objects and convergence tables.",Reviewer note: state whether settings are quick-test or inferential and report convergence diagnostics.
sjSDM,sjsdm_traits_file,fileInput,traits.csv  - species traits / metadata,input data / species traits,traits.csv  - species traits / metadata supplies species-level attributes. Trait rows must match response species names exactly before trait-mediated effects are interpreted.,"Check dimensions, IDs, missing values, factor/numeric coercion and whether rows/columns match the response data before fitting.","Common mistake: uploading a table with an accidental ID column, mismatched row order or all-character numeric columns.",Copied to inputs/ and data/; summarized in diagnostics/data_check_messages.csv and standard/output_manifest.csv.,"sjSDM: record the setting when it affects fitting, output or interpretation."
sjSDM,sjsdm_tune_regularization,checkboxInput,Tune regularization by CV,diagnostics / prediction / output selection,"Tune regularization by CV decides which fit, prediction, diagnostic or plotting artifacts are written. These outputs support review only when status files and standard tables are also present.","Check that the requested outputs are compatible with fitted status, response scale and available package functions.",Common mistake: comparing metrics produced on different response scales or validation folds.,"Controls diagnostics/, plots/, predictions/, results/, report/ and standard/*.csv artifacts.","sjSDM: record the setting when it affects fitting, output or interpretation."
sjSDM,sjsdm_tune_steps,synced_numeric_slider,tune random steps,random effect / spatial / latent structure,"tune random steps controls residual dependence, grouping, spatial covariance or latent factors. These parameters affect interpretation of associations and should not be treated as direct species interactions without caution.","Check grouping columns, coordinates, distance matrices, duplicated locations and whether the selected structure is identifiable for the data size.",Common mistake: interpreting residual association or latent factors as direct biological interaction.,"Recorded in used_config.yml and affects associations_long.csv, diagnostics, plots and model-specific random/spatial outputs.",Reviewer note: association parameters are engine-specific and should be labelled by scale and association_type.
sjSDM,sjsdm_verbose,checkboxInput,verbose,MCMC / optimization / prior control,"verbose controls computation rather than the ecological data itself. Quick values are for smoke tests; real inference needs longer runs, convergence checks and documented priors.","Check chains, burn-in/transient, thinning, seed, parallel settings and diagnostics; quick-test values are not publication settings.",Common mistake: reporting quick-test MCMC output as if it were a converged publication analysis.,"Recorded in used_config.yml, reproducible_script/ and diagnostics/session_info.txt; affects model objects and convergence tables.",Reviewer note: state whether settings are quick-test or inferential and report convergence diagnostics.
sjSDM,sjsdm_weight_decay,synced_numeric_slider,weight_decay,general workflow setting,weight_decay modifies sjSDM workflow behaviour. Record it because GUI choices should be recoverable from used_config.yml and reproducible scripts.,Check that this setting is recorded in used_config.yml and that its meaning is documented in the report.,Common mistake: changing this setting without preserving it in the reproducible configuration.,Recorded in configuration and shown in reports when relevant.,"sjSDM: record the setting when it affects fitting, output or interpretation."
sjSDM,sjsdm_weights_file,fileInput,weights.rds / pretrained weights,input data / auxiliary file,weights.rds / pretrained weights is an auxiliary input for sjSDM. It must use the same site/species identifiers as the primary response and predictor files.,"Check dimensions, IDs, missing values, factor/numeric coercion and whether rows/columns match the response data before fitting.","Common mistake: uploading a table with an accidental ID column, mismatched row order or all-character numeric columns.",Copied to inputs/ and data/; summarized in diagnostics/data_check_messages.csv and standard/output_manifest.csv.,"sjSDM: record the setting when it affects fitting, output or interpretation."
spOccupancy,spocc_NNGP,checkboxInput,NNGP,random effect / spatial / latent structure,"NNGP controls residual dependence, grouping, spatial covariance or latent factors. These parameters affect interpretation of associations and should not be treated as direct species interactions without caution.","Check grouping columns, coordinates, distance matrices, duplicated locations and whether the selected structure is identifiable for the data size.",Common mistake: interpreting residual association or latent factors as direct biological interaction.,"Recorded in used_config.yml and affects associations_long.csv, diagnostics, plots and model-specific random/spatial outputs.",Reviewer note: association parameters are engine-specific and should be labelled by scale and association_type.
spOccupancy,spocc_accept_rate,synced_numeric_slider,accept.rate,MCMC / optimization / prior control,"accept.rate controls computation rather than the ecological data itself. Quick values are for smoke tests; real inference needs longer runs, convergence checks and documented priors.","Check chains, burn-in/transient, thinning, seed, parallel settings and diagnostics; quick-test values are not publication settings.",Common mistake: reporting quick-test MCMC output as if it were a converged publication analysis.,"Recorded in used_config.yml, reproducible_script/ and diagnostics/session_info.txt; affects model objects and convergence tables.",Reviewer note: state whether settings are quick-test or inferential and report convergence diagnostics.
spOccupancy,spocc_alpha_prior,textInput,alpha.normal,response family / likelihood,"alpha.normal chooses how observations are linked to the latent ecological process. Binary, count, continuous, beta, ordinal and mixed-scale responses require different valid data ranges.","Check that response values satisfy the selected family: 0/1 for binary, non-negative integers for counts, continuous numeric values for Gaussian, valid bounded values for beta/ordinal settings.",Common mistake: allowing a model to run with a family that does not match the response scale.,"Recorded in used_config.yml and affects standard/run_summary.csv, fit_metrics.csv and predictions_long.csv.","spOccupancy: record the setting when it affects fitting, output or interpretation."
spOccupancy,spocc_ar1,checkboxInput,ar1 temporal correlation,general workflow setting,ar1 temporal correlation modifies spOccupancy workflow behaviour. Record it because GUI choices should be recoverable from used_config.yml and reproducible scripts.,Check that this setting is recorded in used_config.yml and that its meaning is documented in the report.,Common mistake: changing this setting without preserving it in the reproducible configuration.,Recorded in configuration and shown in reports when relevant.,"spOccupancy: record the setting when it affects fitting, output or interpretation."
spOccupancy,spocc_batch_length,synced_numeric_slider,batch.length,MCMC / optimization / prior control,"batch.length controls computation rather than the ecological data itself. Quick values are for smoke tests; real inference needs longer runs, convergence checks and documented priors.","Check chains, burn-in/transient, thinning, seed, parallel settings and diagnostics; quick-test values are not publication settings.",Common mistake: reporting quick-test MCMC output as if it were a converged publication analysis.,"Recorded in used_config.yml, reproducible_script/ and diagnostics/session_info.txt; affects model objects and convergence tables.",Reviewer note: state whether settings are quick-test or inferential and report convergence diagnostics.
spOccupancy,spocc_beta_prior,textInput,beta.normal,response family / likelihood,"beta.normal chooses how observations are linked to the latent ecological process. Binary, count, continuous, beta, ordinal and mixed-scale responses require different valid data ranges.","Check that response values satisfy the selected family: 0/1 for binary, non-negative integers for counts, continuous numeric values for Gaussian, valid bounded values for beta/ordinal settings.",Common mistake: allowing a model to run with a family that does not match the response scale.,"Recorded in used_config.yml and affects standard/run_summary.csv, fit_metrics.csv and predictions_long.csv.","spOccupancy: record the setting when it affects fitting, output or interpretation."
spOccupancy,spocc_check,actionButton,Check spOccupancy data,workflow action / reproducibility output,"Check spOccupancy data triggers checking, fitting, comparison or export. It should leave a clear status, diagnostics and real downloadable files rather than silent or empty placeholders.","Check that the action writes engine_status.json, standard tables, reports, scripts and a non-empty ZIP when applicable.","Common mistake: accepting Completed, empty ZIP or missing diagnostics as a successful run.","Controls workflow status, output folder creation, downloadable ZIPs and reports.","spOccupancy: record the setting when it affects fitting, output or interpretation."
spOccupancy,spocc_comm_prior,textInput,community priors,MCMC / optimization / prior control,"community priors controls computation rather than the ecological data itself. Quick values are for smoke tests; real inference needs longer runs, convergence checks and documented priors.","Check chains, burn-in/transient, thinning, seed, parallel settings and diagnostics; quick-test values are not publication settings.",Common mistake: reporting quick-test MCMC output as if it were a converged publication analysis.,"Recorded in used_config.yml, reproducible_script/ and diagnostics/session_info.txt; affects model objects and convergence tables.",Reviewer note: state whether settings are quick-test or inferential and report convergence diagnostics.
spOccupancy,spocc_coords_file,fileInput,coords.csv  - spatial coordinates,input data / spatial structure,"coords.csv  - spatial coordinates defines spatial coordinates, grouping or distance information. Use it only with spatial/random-effect settings that require the same site order as the response matrix.","Check dimensions, IDs, missing values, factor/numeric coercion and whether rows/columns match the response data before fitting.","Common mistake: uploading a table with an accidental ID column, mismatched row order or all-character numeric columns.",Copied to inputs/ and data/; summarized in diagnostics/data_check_messages.csv and standard/output_manifest.csv.,"spOccupancy: record the setting when it affects fitting, output or interpretation."
spOccupancy,spocc_cov_model,selectInput,cov.model,random effect / spatial / latent structure,"cov.model controls residual dependence, grouping, spatial covariance or latent factors. These parameters affect interpretation of associations and should not be treated as direct species interactions without caution.","Check grouping columns, coordinates, distance matrices, duplicated locations and whether the selected structure is identifiable for the data size.",Common mistake: interpreting residual association or latent factors as direct biological interaction.,"Recorded in used_config.yml and affects associations_long.csv, diagnostics, plots and model-specific random/spatial outputs.",Reviewer note: association parameters are engine-specific and should be labelled by scale and association_type.
spOccupancy,spocc_data_structure,selectInput,data structure,general workflow setting,data structure modifies spOccupancy workflow behaviour. Record it because GUI choices should be recoverable from used_config.yml and reproducible scripts.,Check that this setting is recorded in used_config.yml and that its meaning is documented in the report.,Common mistake: changing this setting without preserving it in the reproducible configuration.,Recorded in configuration and shown in reports when relevant.,"spOccupancy: record the setting when it affects fitting, output or interpretation."
spOccupancy,spocc_det_file,fileInput,det.covs.csv  - detection covariates,input data / environmental predictors,"det.covs.csv  - detection covariates supplies site-level covariates. Rows must align with the response data, numeric-looking columns should be numeric, and intended categorical predictors should be handled as factors.","Check dimensions, IDs, missing values, factor/numeric coercion and whether rows/columns match the response data before fitting.","Common mistake: uploading a table with an accidental ID column, mismatched row order or all-character numeric columns.",Copied to inputs/ and data/; summarized in diagnostics/data_check_messages.csv and standard/output_manifest.csv.,"spOccupancy: record the setting when it affects fitting, output or interpretation."
spOccupancy,spocc_det_formula,textInput,det.formula,model formula / covariate design,det.formula controls which predictors enter the model. Every variable named in the formula must exist in the corresponding data table after cleaning and factor conversion.,"Check that every formula variable exists, has variation and is encoded as intended after categorical conversion.","Common mistake: using ~ . without noticing unsuitable ID, coordinate or leakage columns.","Recorded in used_config.yml and affects effects_long.csv, effects_species_environment.csv and model-specific coefficient tables.","spOccupancy: record the setting when it affects fitting, output or interpretation."
spOccupancy,spocc_do_ppc,checkboxInput,ppcOcc posterior predictive check,diagnostics / prediction / output selection,"ppcOcc posterior predictive check decides which fit, prediction, diagnostic or plotting artifacts are written. These outputs support review only when status files and standard tables are also present.","Check that the requested outputs are compatible with fitted status, response scale and available package functions.",Common mistake: comparing metrics produced on different response scales or validation folds.,"Controls diagnostics/, plots/, predictions/, results/, report/ and standard/*.csv artifacts.","spOccupancy: record the setting when it affects fitting, output or interpretation."
spOccupancy,spocc_do_predict,checkboxInput,predict occupancy/detection,general workflow setting,predict occupancy/detection modifies spOccupancy workflow behaviour. Record it because GUI choices should be recoverable from used_config.yml and reproducible scripts.,Check that this setting is recorded in used_config.yml and that its meaning is documented in the report.,Common mistake: changing this setting without preserving it in the reproducible configuration.,Recorded in configuration and shown in reports when relevant.,"spOccupancy: record the setting when it affects fitting, output or interpretation."
spOccupancy,spocc_do_waic,checkboxInput,waicOcc,diagnostics / prediction / output selection,"waicOcc decides which fit, prediction, diagnostic or plotting artifacts are written. These outputs support review only when status files and standard tables are also present.","Check that the requested outputs are compatible with fitted status, response scale and available package functions.",Common mistake: comparing metrics produced on different response scales or validation folds.,"Controls diagnostics/, plots/, predictions/, results/, report/ and standard/*.csv artifacts.","spOccupancy: record the setting when it affects fitting, output or interpretation."
spOccupancy,spocc_download,downloadButton,Download spOccupancy ZIP,workflow action / reproducibility output,"Download spOccupancy ZIP triggers checking, fitting, comparison or export. It should leave a clear status, diagnostics and real downloadable files rather than silent or empty placeholders.","Check that the action writes engine_status.json, standard tables, reports, scripts and a non-empty ZIP when applicable.","Common mistake: accepting Completed, empty ZIP or missing diagnostics as a successful run.","Controls workflow status, output folder creation, downloadable ZIPs and reports.","spOccupancy: record the setting when it affects fitting, output or interpretation."
spOccupancy,spocc_fix,checkboxInput,fix latent-factor loadings,random effect / spatial / latent structure,"fix latent-factor loadings controls residual dependence, grouping, spatial covariance or latent factors. These parameters affect interpretation of associations and should not be treated as direct species interactions without caution.","Check grouping columns, coordinates, distance matrices, duplicated locations and whether the selected structure is identifiable for the data size.",Common mistake: interpreting residual association or latent factors as direct biological interaction.,"Recorded in used_config.yml and affects associations_long.csv, diagnostics, plots and model-specific random/spatial outputs.",Reviewer note: association parameters are engine-specific and should be labelled by scale and association_type.
spOccupancy,spocc_fold_file,fileInput,folds.csv  - optional k-fold assignments,input data / auxiliary file,folds.csv  - optional k-fold assignments is an auxiliary input for spOccupancy. It must use the same site/species identifiers as the primary response and predictor files.,"Check dimensions, IDs, missing values, factor/numeric coercion and whether rows/columns match the response data before fitting.","Common mistake: uploading a table with an accidental ID column, mismatched row order or all-character numeric columns.",Copied to inputs/ and data/; summarized in diagnostics/data_check_messages.csv and standard/output_manifest.csv.,"spOccupancy: record the setting when it affects fitting, output or interpretation."
spOccupancy,spocc_formula,textInput,formula for JSDM / binomial models,response family / likelihood,"formula for JSDM / binomial models chooses how observations are linked to the latent ecological process. Binary, count, continuous, beta, ordinal and mixed-scale responses require different valid data ranges.","Check that response values satisfy the selected family: 0/1 for binary, non-negative integers for counts, continuous numeric values for Gaussian, valid bounded values for beta/ordinal settings.",Common mistake: allowing a model to run with a family that does not match the response scale.,"Recorded in used_config.yml and affects standard/run_summary.csv, fit_metrics.csv and predictions_long.csv.","spOccupancy: record the setting when it affects fitting, output or interpretation."
spOccupancy,spocc_get_fitted,checkboxInput,fitted values,diagnostics / prediction / output selection,"fitted values decides which fit, prediction, diagnostic or plotting artifacts are written. These outputs support review only when status files and standard tables are also present.","Check that the requested outputs are compatible with fitted status, response scale and available package functions.",Common mistake: comparing metrics produced on different response scales or validation folds.,"Controls diagnostics/, plots/, predictions/, results/, report/ and standard/*.csv artifacts.","spOccupancy: record the setting when it affects fitting, output or interpretation."
spOccupancy,spocc_inits,textInput,inits,general workflow setting,inits modifies spOccupancy workflow behaviour. Record it because GUI choices should be recoverable from used_config.yml and reproducible scripts.,Check that this setting is recorded in used_config.yml and that its meaning is documented in the report.,Common mistake: changing this setting without preserving it in the reproducible configuration.,Recorded in configuration and shown in reports when relevant.,"spOccupancy: record the setting when it affects fitting, output or interpretation."
spOccupancy,spocc_integrated_file,fileInput,integrated_sources.csv  - integrated data-source metadata,input data / auxiliary file,integrated_sources.csv  - integrated data-source metadata is an auxiliary input for spOccupancy. It must use the same site/species identifiers as the primary response and predictor files.,"Check dimensions, IDs, missing values, factor/numeric coercion and whether rows/columns match the response data before fitting.","Common mistake: uploading a table with an accidental ID column, mismatched row order or all-character numeric columns.",Copied to inputs/ and data/; summarized in diagnostics/data_check_messages.csv and standard/output_manifest.csv.,"spOccupancy: record the setting when it affects fitting, output or interpretation."
spOccupancy,spocc_k_fold,synced_numeric_slider,k.fold,diagnostics / prediction / output selection,"k.fold decides which fit, prediction, diagnostic or plotting artifacts are written. These outputs support review only when status files and standard tables are also present.","Check that the requested outputs are compatible with fitted status, response scale and available package functions.",Common mistake: comparing metrics produced on different response scales or validation folds.,"Controls diagnostics/, plots/, predictions/, results/, report/ and standard/*.csv artifacts.","spOccupancy: record the setting when it affects fitting, output or interpretation."
spOccupancy,spocc_k_fold_only,checkboxInput,k.fold.only,diagnostics / prediction / output selection,"k.fold.only decides which fit, prediction, diagnostic or plotting artifacts are written. These outputs support review only when status files and standard tables are also present.","Check that the requested outputs are compatible with fitted status, response scale and available package functions.",Common mistake: comparing metrics produced on different response scales or validation folds.,"Controls diagnostics/, plots/, predictions/, results/, report/ and standard/*.csv artifacts.","spOccupancy: record the setting when it affects fitting, output or interpretation."
spOccupancy,spocc_k_fold_seed,synced_numeric_slider,k.fold.seed,MCMC / optimization / prior control,"k.fold.seed controls computation rather than the ecological data itself. Quick values are for smoke tests; real inference needs longer runs, convergence checks and documented priors.","Check chains, burn-in/transient, thinning, seed, parallel settings and diagnostics; quick-test values are not publication settings.",Common mistake: reporting quick-test MCMC output as if it were a converged publication analysis.,"Recorded in used_config.yml, reproducible_script/ and diagnostics/session_info.txt; affects model objects and convergence tables.",Reviewer note: state whether settings are quick-test or inferential and report convergence diagnostics.
spOccupancy,spocc_k_fold_threads,synced_numeric_slider,k.fold.threads,diagnostics / prediction / output selection,"k.fold.threads decides which fit, prediction, diagnostic or plotting artifacts are written. These outputs support review only when status files and standard tables are also present.","Check that the requested outputs are compatible with fitted status, response scale and available package functions.",Common mistake: comparing metrics produced on different response scales or validation folds.,"Controls diagnostics/, plots/, predictions/, results/, report/ and standard/*.csv artifacts.","spOccupancy: record the setting when it affects fitting, output or interpretation."
spOccupancy,spocc_model_type,selectInput,model function,general workflow setting,model function modifies spOccupancy workflow behaviour. Record it because GUI choices should be recoverable from used_config.yml and reproducible scripts.,Check that this setting is recorded in used_config.yml and that its meaning is documented in the report.,Common mistake: changing this setting without preserving it in the reproducible configuration.,Recorded in configuration and shown in reports when relevant.,"spOccupancy: record the setting when it affects fitting, output or interpretation."
spOccupancy,spocc_n_batch,synced_numeric_slider,n.batch,MCMC / optimization / prior control,"n.batch controls computation rather than the ecological data itself. Quick values are for smoke tests; real inference needs longer runs, convergence checks and documented priors.","Check chains, burn-in/transient, thinning, seed, parallel settings and diagnostics; quick-test values are not publication settings.",Common mistake: reporting quick-test MCMC output as if it were a converged publication analysis.,"Recorded in used_config.yml, reproducible_script/ and diagnostics/session_info.txt; affects model objects and convergence tables.",Reviewer note: state whether settings are quick-test or inferential and report convergence diagnostics.
spOccupancy,spocc_n_burn,synced_numeric_slider,n.burn,MCMC / optimization / prior control,"n.burn controls computation rather than the ecological data itself. Quick values are for smoke tests; real inference needs longer runs, convergence checks and documented priors.","Check chains, burn-in/transient, thinning, seed, parallel settings and diagnostics; quick-test values are not publication settings.",Common mistake: reporting quick-test MCMC output as if it were a converged publication analysis.,"Recorded in used_config.yml, reproducible_script/ and diagnostics/session_info.txt; affects model objects and convergence tables.",Reviewer note: state whether settings are quick-test or inferential and report convergence diagnostics.
spOccupancy,spocc_n_chains,synced_numeric_slider,n.chains,MCMC / optimization / prior control,"n.chains controls computation rather than the ecological data itself. Quick values are for smoke tests; real inference needs longer runs, convergence checks and documented priors.","Check chains, burn-in/transient, thinning, seed, parallel settings and diagnostics; quick-test values are not publication settings.",Common mistake: reporting quick-test MCMC output as if it were a converged publication analysis.,"Recorded in used_config.yml, reproducible_script/ and diagnostics/session_info.txt; affects model objects and convergence tables.",Reviewer note: state whether settings are quick-test or inferential and report convergence diagnostics.
spOccupancy,spocc_n_factors,synced_numeric_slider,n.factors,random effect / spatial / latent structure,"n.factors controls residual dependence, grouping, spatial covariance or latent factors. These parameters affect interpretation of associations and should not be treated as direct species interactions without caution.","Check grouping columns, coordinates, distance matrices, duplicated locations and whether the selected structure is identifiable for the data size.",Common mistake: interpreting residual association or latent factors as direct biological interaction.,"Recorded in used_config.yml and affects associations_long.csv, diagnostics, plots and model-specific random/spatial outputs.",Reviewer note: association parameters are engine-specific and should be labelled by scale and association_type.
spOccupancy,spocc_n_neighbors,synced_numeric_slider,n.neighbors,random effect / spatial / latent structure,"n.neighbors controls residual dependence, grouping, spatial covariance or latent factors. These parameters affect interpretation of associations and should not be treated as direct species interactions without caution.","Check grouping columns, coordinates, distance matrices, duplicated locations and whether the selected structure is identifiable for the data size.",Common mistake: interpreting residual association or latent factors as direct biological interaction.,"Recorded in used_config.yml and affects associations_long.csv, diagnostics, plots and model-specific random/spatial outputs.",Reviewer note: association parameters are engine-specific and should be labelled by scale and association_type.
spOccupancy,spocc_n_omp_threads,synced_numeric_slider,n.omp.threads,general workflow setting,n.omp.threads modifies spOccupancy workflow behaviour. Record it because GUI choices should be recoverable from used_config.yml and reproducible scripts.,Check that this setting is recorded in used_config.yml and that its meaning is documented in the report.,Common mistake: changing this setting without preserving it in the reproducible configuration.,Recorded in configuration and shown in reports when relevant.,"spOccupancy: record the setting when it affects fitting, output or interpretation."
spOccupancy,spocc_n_report,synced_numeric_slider,n.report,workflow action / reproducibility output,"n.report triggers checking, fitting, comparison or export. It should leave a clear status, diagnostics and real downloadable files rather than silent or empty placeholders.","Check that the action writes engine_status.json, standard tables, reports, scripts and a non-empty ZIP when applicable.","Common mistake: accepting Completed, empty ZIP or missing diagnostics as a successful run.","Controls workflow status, output folder creation, downloadable ZIPs and reports.","spOccupancy: record the setting when it affects fitting, output or interpretation."
spOccupancy,spocc_n_thin,synced_numeric_slider,n.thin,MCMC / optimization / prior control,"n.thin controls computation rather than the ecological data itself. Quick values are for smoke tests; real inference needs longer runs, convergence checks and documented priors.","Check chains, burn-in/transient, thinning, seed, parallel settings and diagnostics; quick-test values are not publication settings.",Common mistake: reporting quick-test MCMC output as if it were a converged publication analysis.,"Recorded in used_config.yml, reproducible_script/ and diagnostics/session_info.txt; affects model objects and convergence tables.",Reviewer note: state whether settings are quick-test or inferential and report convergence diagnostics.
spOccupancy,spocc_newcoords_file,fileInput,newcoords.csv  - prediction coordinates,input data / spatial structure,"newcoords.csv  - prediction coordinates defines spatial coordinates, grouping or distance information. Use it only with spatial/random-effect settings that require the same site order as the response matrix.","Check dimensions, IDs, missing values, factor/numeric coercion and whether rows/columns match the response data before fitting.","Common mistake: uploading a table with an accidental ID column, mismatched row order or all-character numeric columns.",Copied to inputs/ and data/; summarized in diagnostics/data_check_messages.csv and standard/output_manifest.csv.,"spOccupancy: record the setting when it affects fitting, output or interpretation."
spOccupancy,spocc_newdata_file,fileInput,newdata.csv  - prediction occurrence covariates,input data / response matrix,newdata.csv  - prediction occurrence covariates defines the observed ecological response for spOccupancy. Rows should be sampling units and columns should be species/responses unless the workflow explicitly uses long or detection-array input.,"Check dimensions, IDs, missing values, factor/numeric coercion and whether rows/columns match the response data before fitting.","Common mistake: uploading a table with an accidental ID column, mismatched row order or all-character numeric columns.",Copied to inputs/ and data/; summarized in diagnostics/data_check_messages.csv and standard/output_manifest.csv.,"spOccupancy: record the setting when it affects fitting, output or interpretation."
spOccupancy,spocc_nu_prior,textInput,nu.unif,MCMC / optimization / prior control,"nu.unif controls computation rather than the ecological data itself. Quick values are for smoke tests; real inference needs longer runs, convergence checks and documented priors.","Check chains, burn-in/transient, thinning, seed, parallel settings and diagnostics; quick-test values are not publication settings.",Common mistake: reporting quick-test MCMC output as if it were a converged publication analysis.,"Recorded in used_config.yml, reproducible_script/ and diagnostics/session_info.txt; affects model objects and convergence tables.",Reviewer note: state whether settings are quick-test or inferential and report convergence diagnostics.
spOccupancy,spocc_occ_file,fileInput,occ.covs.csv  - occurrence covariates,input data / response matrix,occ.covs.csv  - occurrence covariates defines the observed ecological response for spOccupancy. Rows should be sampling units and columns should be species/responses unless the workflow explicitly uses long or detection-array input.,"Check dimensions, IDs, missing values, factor/numeric coercion and whether rows/columns match the response data before fitting.","Common mistake: uploading a table with an accidental ID column, mismatched row order or all-character numeric columns.",Copied to inputs/ and data/; summarized in diagnostics/data_check_messages.csv and standard/output_manifest.csv.,"spOccupancy: record the setting when it affects fitting, output or interpretation."
spOccupancy,spocc_occ_formula,textInput,occ.formula,model formula / covariate design,occ.formula controls which predictors enter the model. Every variable named in the formula must exist in the corresponding data table after cleaning and factor conversion.,"Check that every formula variable exists, has variation and is encoded as intended after categorical conversion.","Common mistake: using ~ . without noticing unsuitable ID, coordinate or leakage columns.","Recorded in used_config.yml and affects effects_long.csv, effects_species_environment.csv and model-specific coefficient tables.","spOccupancy: record the setting when it affects fitting, output or interpretation."
spOccupancy,spocc_out_config,checkboxInput,Save spOccupancy used_config.yml,general workflow setting,Save spOccupancy used_config.yml modifies spOccupancy workflow behaviour. Record it because GUI choices should be recoverable from used_config.yml and reproducible scripts.,Check that this setting is recorded in used_config.yml and that its meaning is documented in the report.,Common mistake: changing this setting without preserving it in the reproducible configuration.,Recorded in configuration and shown in reports when relevant.,"spOccupancy: record the setting when it affects fitting, output or interpretation."
spOccupancy,spocc_out_copy_inputs,checkboxInput,Copy spOccupancy input files to output folder,input data / auxiliary file,Copy spOccupancy input files to output folder is an auxiliary input for spOccupancy. It must use the same site/species identifiers as the primary response and predictor files.,"Check dimensions, IDs, missing values, factor/numeric coercion and whether rows/columns match the response data before fitting.","Common mistake: uploading a table with an accidental ID column, mismatched row order or all-character numeric columns.",Copied to inputs/ and data/; summarized in diagnostics/data_check_messages.csv and standard/output_manifest.csv.,"spOccupancy: record the setting when it affects fitting, output or interpretation."
spOccupancy,spocc_out_report,checkboxInput,Generate spOccupancy HTML report,workflow action / reproducibility output,"Generate spOccupancy HTML report triggers checking, fitting, comparison or export. It should leave a clear status, diagnostics and real downloadable files rather than silent or empty placeholders.","Check that the action writes engine_status.json, standard tables, reports, scripts and a non-empty ZIP when applicable.","Common mistake: accepting Completed, empty ZIP or missing diagnostics as a successful run.","Controls workflow status, output folder creation, downloadable ZIPs and reports.","spOccupancy: record the setting when it affects fitting, output or interpretation."
spOccupancy,spocc_out_zip,checkboxInput,Create spOccupancy output ZIP,workflow action / reproducibility output,"Create spOccupancy output ZIP triggers checking, fitting, comparison or export. It should leave a clear status, diagnostics and real downloadable files rather than silent or empty placeholders.","Check that the action writes engine_status.json, standard tables, reports, scripts and a non-empty ZIP when applicable.","Common mistake: accepting Completed, empty ZIP or missing diagnostics as a successful run.","Controls workflow status, output folder creation, downloadable ZIPs and reports.","spOccupancy: record the setting when it affects fitting, output or interpretation."
spOccupancy,spocc_phi_prior,textInput,phi.unif,MCMC / optimization / prior control,"phi.unif controls computation rather than the ecological data itself. Quick values are for smoke tests; real inference needs longer runs, convergence checks and documented priors.","Check chains, burn-in/transient, thinning, seed, parallel settings and diagnostics; quick-test values are not publication settings.",Common mistake: reporting quick-test MCMC output as if it were a converged publication analysis.,"Recorded in used_config.yml, reproducible_script/ and diagnostics/session_info.txt; affects model objects and convergence tables.",Reviewer note: state whether settings are quick-test or inferential and report convergence diagnostics.
spOccupancy,spocc_range_ind,checkboxInput,Use range.ind,general workflow setting,Use range.ind modifies spOccupancy workflow behaviour. Record it because GUI choices should be recoverable from used_config.yml and reproducible scripts.,Check that this setting is recorded in used_config.yml and that its meaning is documented in the report.,Common mistake: changing this setting without preserving it in the reproducible configuration.,Recorded in configuration and shown in reports when relevant.,"spOccupancy: record the setting when it affects fitting, output or interpretation."
spOccupancy,spocc_real_fit,checkboxInput,Run real spOccupancy package fit,diagnostics / prediction / output selection,"Run real spOccupancy package fit decides which fit, prediction, diagnostic or plotting artifacts are written. These outputs support review only when status files and standard tables are also present.","Check that the requested outputs are compatible with fitted status, response scale and available package functions.",Common mistake: comparing metrics produced on different response scales or validation folds.,"Controls diagnostics/, plots/, predictions/, results/, report/ and standard/*.csv artifacts.","spOccupancy: record the setting when it affects fitting, output or interpretation."
spOccupancy,spocc_run,actionButton,Run spOccupancy workflow,workflow action / reproducibility output,"Run spOccupancy workflow triggers checking, fitting, comparison or export. It should leave a clear status, diagnostics and real downloadable files rather than silent or empty placeholders.","Check that the action writes engine_status.json, standard tables, reports, scripts and a non-empty ZIP when applicable.","Common mistake: accepting Completed, empty ZIP or missing diagnostics as a successful run.","Controls workflow status, output folder creation, downloadable ZIPs and reports.","spOccupancy: record the setting when it affects fitting, output or interpretation."
spOccupancy,spocc_save_model,checkboxInput,Save model object,general workflow setting,Save model object modifies spOccupancy workflow behaviour. Record it because GUI choices should be recoverable from used_config.yml and reproducible scripts.,Check that this setting is recorded in used_config.yml and that its meaning is documented in the report.,Common mistake: changing this setting without preserving it in the reproducible configuration.,Recorded in configuration and shown in reports when relevant.,"spOccupancy: record the setting when it affects fitting, output or interpretation."
spOccupancy,spocc_save_plots,checkboxInput,Save plots,diagnostics / prediction / output selection,"Save plots decides which fit, prediction, diagnostic or plotting artifacts are written. These outputs support review only when status files and standard tables are also present.","Check that the requested outputs are compatible with fitted status, response scale and available package functions.",Common mistake: comparing metrics produced on different response scales or validation folds.,"Controls diagnostics/, plots/, predictions/, results/, report/ and standard/*.csv artifacts.","spOccupancy: record the setting when it affects fitting, output or interpretation."
spOccupancy,spocc_save_samples,checkboxInput,Save posterior samples,MCMC / optimization / prior control,"Save posterior samples controls computation rather than the ecological data itself. Quick values are for smoke tests; real inference needs longer runs, convergence checks and documented priors.","Check chains, burn-in/transient, thinning, seed, parallel settings and diagnostics; quick-test values are not publication settings.",Common mistake: reporting quick-test MCMC output as if it were a converged publication analysis.,"Recorded in used_config.yml, reproducible_script/ and diagnostics/session_info.txt; affects model objects and convergence tables.",Reviewer note: state whether settings are quick-test or inferential and report convergence diagnostics.
spOccupancy,spocc_search_type,selectInput,search.type,general workflow setting,search.type modifies spOccupancy workflow behaviour. Record it because GUI choices should be recoverable from used_config.yml and reproducible scripts.,Check that this setting is recorded in used_config.yml and that its meaning is documented in the report.,Common mistake: changing this setting without preserving it in the reproducible configuration.,Recorded in configuration and shown in reports when relevant.,"spOccupancy: record the setting when it affects fitting, output or interpretation."
spOccupancy,spocc_seed,synced_numeric_slider,seed,MCMC / optimization / prior control,"seed controls computation rather than the ecological data itself. Quick values are for smoke tests; real inference needs longer runs, convergence checks and documented priors.","Check chains, burn-in/transient, thinning, seed, parallel settings and diagnostics; quick-test values are not publication settings.",Common mistake: reporting quick-test MCMC output as if it were a converged publication analysis.,"Recorded in used_config.yml, reproducible_script/ and diagnostics/session_info.txt; affects model objects and convergence tables.",Reviewer note: state whether settings are quick-test or inferential and report convergence diagnostics.
spOccupancy,spocc_sigma_prior,textInput,sigma.sq.ig,MCMC / optimization / prior control,"sigma.sq.ig controls computation rather than the ecological data itself. Quick values are for smoke tests; real inference needs longer runs, convergence checks and documented priors.","Check chains, burn-in/transient, thinning, seed, parallel settings and diagnostics; quick-test values are not publication settings.",Common mistake: reporting quick-test MCMC output as if it were a converged publication analysis.,"Recorded in used_config.yml, reproducible_script/ and diagnostics/session_info.txt; affects model objects and convergence tables.",Reviewer note: state whether settings are quick-test or inferential and report convergence diagnostics.
spOccupancy,spocc_species_file,fileInput,species.csv  - species names / metadata,input data / auxiliary file,species.csv  - species names / metadata is an auxiliary input for spOccupancy. It must use the same site/species identifiers as the primary response and predictor files.,"Check dimensions, IDs, missing values, factor/numeric coercion and whether rows/columns match the response data before fitting.","Common mistake: uploading a table with an accidental ID column, mismatched row order or all-character numeric columns.",Copied to inputs/ and data/; summarized in diagnostics/data_check_messages.csv and standard/output_manifest.csv.,"spOccupancy: record the setting when it affects fitting, output or interpretation."
spOccupancy,spocc_svc_cols,textInput,svc.cols,general workflow setting,svc.cols modifies spOccupancy workflow behaviour. Record it because GUI choices should be recoverable from used_config.yml and reproducible scripts.,Check that this setting is recorded in used_config.yml and that its meaning is documented in the report.,Common mistake: changing this setting without preserving it in the reproducible configuration.,Recorded in configuration and shown in reports when relevant.,"spOccupancy: record the setting when it affects fitting, output or interpretation."
spOccupancy,spocc_tuning,textInput,tuning,MCMC / optimization / prior control,"tuning controls computation rather than the ecological data itself. Quick values are for smoke tests; real inference needs longer runs, convergence checks and documented priors.","Check chains, burn-in/transient, thinning, seed, parallel settings and diagnostics; quick-test values are not publication settings.",Common mistake: reporting quick-test MCMC output as if it were a converged publication analysis.,"Recorded in used_config.yml, reproducible_script/ and diagnostics/session_info.txt; affects model objects and convergence tables.",Reviewer note: state whether settings are quick-test or inferential and report convergence diagnostics.
spOccupancy,spocc_update_mcmc,checkboxInput,Allow updateMCMC continuation,MCMC / optimization / prior control,"Allow updateMCMC continuation controls computation rather than the ecological data itself. Quick values are for smoke tests; real inference needs longer runs, convergence checks and documented priors.","Check chains, burn-in/transient, thinning, seed, parallel settings and diagnostics; quick-test values are not publication settings.",Common mistake: reporting quick-test MCMC output as if it were a converged publication analysis.,"Recorded in used_config.yml, reproducible_script/ and diagnostics/session_info.txt; affects model objects and convergence tables.",Reviewer note: state whether settings are quick-test or inferential and report convergence diagnostics.
spOccupancy,spocc_verbose,checkboxInput,verbose,MCMC / optimization / prior control,"verbose controls computation rather than the ecological data itself. Quick values are for smoke tests; real inference needs longer runs, convergence checks and documented priors.","Check chains, burn-in/transient, thinning, seed, parallel settings and diagnostics; quick-test values are not publication settings.",Common mistake: reporting quick-test MCMC output as if it were a converged publication analysis.,"Recorded in used_config.yml, reproducible_script/ and diagnostics/session_info.txt; affects model objects and convergence tables.",Reviewer note: state whether settings are quick-test or inferential and report convergence diagnostics.
spOccupancy,spocc_x_positive,checkboxInput,x.positive,general workflow setting,x.positive modifies spOccupancy workflow behaviour. Record it because GUI choices should be recoverable from used_config.yml and reproducible scripts.,Check that this setting is recorded in used_config.yml and that its meaning is documented in the report.,Common mistake: changing this setting without preserving it in the reproducible configuration.,Recorded in configuration and shown in reports when relevant.,"spOccupancy: record the setting when it affects fitting, output or interpretation."
spOccupancy,spocc_y_file,fileInput,y.csv  - detection / nondetection data,input data / response matrix,y.csv  - detection / nondetection data defines the observed ecological response for spOccupancy. Rows should be sampling units and columns should be species/responses unless the workflow explicitly uses long or detection-array input.,"Check dimensions, IDs, missing values, factor/numeric coercion and whether rows/columns match the response data before fitting.","Common mistake: uploading a table with an accidental ID column, mismatched row order or all-character numeric columns.",Copied to inputs/ and data/; summarized in diagnostics/data_check_messages.csv and standard/output_manifest.csv.,"spOccupancy: record the setting when it affects fitting, output or interpretation."
